"variable_name","label","description","domain","entity","data_type","unit","allowed_values","min_value","max_value","missing_rule","core","notes"
"dataset_id","Dataset ID","Dataset specification identifier","provenance","dataset","character","","","","","Always populated from the dataset specification","TRUE","System variable injected during harmonisation"
"dataset_name","Dataset name","Dataset specification name","provenance","dataset","character","","","","","Always populated from the dataset specification","TRUE","System variable injected during harmonisation"
"participant_id","Participant ID","Study-specific participant identifier","provenance","participant","character","","","","","Should not be missing","TRUE","Numeric ids: sprintf(""%.0f"", id). Same id across a participant's waves; unique within dataset x wave x st_measure_id. Ids that restart per survey: build <year>_<id> in the tidier. Rows keyed by row position or a row counter: inferred; name the affected waves."
"wave","Wave","Study wave or collection occasion","provenance","participant","character","","","","","Use NA (row unavailable) when the supplied data hold a single collection occasion, even if the study labels it a wave of a longer study","TRUE","Panels: the study's own wave label as the spec or data carries it (T1, sweep_3, Year 9, 2016). Repeated cross-sections: four-digit survey year; add a sample suffix only when one year fielded separate samples (2015_sample_1). A second report on the same occasion is a tagged measure (st_measure_id), not a wave."
"data_year","Year data were collected","Calendar year in which the row's data were collected","provenance","study","double","years","","1900","2026","Where a per-row date is missing, use the wave's modal fieldwork year; NA only when no year can be assigned","TRUE","Per-row interview or visit year where released, from the component that asked the screen items (compatible). Otherwise the survey's own year label (compatible). A few missing per-row dates filled with the wave's modal fieldwork year leave the row compatible; give the count. A year assigned wholesale from wave labels or documentation is the modal fieldwork year, or the midpoint of a multi-year window (inferred). Cite fieldwork documentation, never a publication year."
"rct_arm","RCT arm","Trial arm the participant was allocated to, for datasets from randomised controlled trials","provenance","participant","character","","","","","Use NA if not applicable (i.e., not a randomised trial)","FALSE","Arm names from the trial's main outcome publication; Control for the control or usual-care arm. Arm given by a variable or by the provider's file or sheet split: compatible; decoded from undocumented codes (e.g. an id character): inferred. Not a trial: unavailable, note 'Not a randomised trial.' Covariate when pooling RCT cohorts (DR-0001)."
"survey_weight","Survey weight","Main participant weight for the wave, as released by the study","provenance","participant","double","","","0","","Use NA if the study releases no weight or is not a survey sample","FALSE","Cross-sectional participant weight for the wave, not rescaled. Where only longitudinal weights exist, map one and say which. Replicate weights are not harmonised. Use the study's core release weight; a design weight fixed at sampling may be carried within participant to later waves (partial)."
"survey_strata","Survey stratum","Sampling stratum used for variance estimation","provenance","participant","character","","","","","Use NA if not released or not a survey sample","FALSE","Values fixed at sampling are carried within participant to every wave, without a wave prefix, so a participant stays in one stratum. Repeated cross-sections prefix codes with the wave where the study reuses them across waves."
"survey_cluster","Survey cluster","Primary sampling unit (usually the school or area) used for variance estimation","provenance","participant","character","","","","","Use NA if not released or not a survey sample","FALSE","School ids qualify when schools were the sampled units; partial where the design is not documented. Schools in a randomised trial are not survey clusters. Values fixed at sampling are carried within participant to every wave, without a wave prefix, so a participant stays in one cluster. Repeated cross-sections prefix codes with the wave where the study reuses them across waves."
"age_years","Age in years","Participant age at the observation in years","demographics","participant","double","years","","0","19","Use NA when age cannot be derived","TRUE","Decimal years at the observation. Dates, months / 12 or tenths: as is. Birth year and month with the interview month or a documented fieldwork midpoint: derive decimal age. Completed years: +0.5 (13 -> 13.5). Completed-year band a-b: (a + b + 1) / 2 (13-15 -> 14.5). Open band: inclusive bound + 0.5 (12 or younger -> 12.5; 18 or older -> 18.5). Survey year minus birth year: + (fieldwork midpoint as a fraction of the year - 0.5). No age item: centre of the sampled cohort's age at fieldwork, inferred. Keep values above max_value. Say in notes which kind the source is."
"sex","Sex","Participant sex or gender as recorded by the source","demographics","participant","character","","Male|Female|Other|Unknown","","","Use Unknown if cannot be derived, including waves where the item was not asked and no value is carried; never NA on a mapped row","TRUE","Male and Female from a sex or gender item; name the item type and the reporter in notes. Other: any further gender option (non-binary, transgender, another way, self-described). Unknown: prefer not to say, a merged Other/prefer-not-to-say code, and codes no source document defines. A code merging Female with Other or unknown maps to Female (proximate; name the merge). Carry across waves by the carry-forward rule in the harmonisation guide."
"country","Country","Participant's location at observation point","demographics","participant","character","","Albania|Algeria|Argentina|Armenia|Australia|Austria|Azerbaijan|Belarus|Belgium|Bosnia and Herzegovina|Brazil|Brunei Darussalam|Bulgaria|Cambodia|Canada|Chile|China|Colombia|Costa Rica|Croatia|Cyprus|Czech Republic|Denmark|Dominican Republic|Ecuador|El Salvador|England|Estonia|Faroe Islands|Finland|France|Georgia|Germany|Greece|Greenland|Guatemala|Hong Kong|Hungary|Iceland|India|Indonesia|Iraq|Ireland|Isle of Man|Israel|Italy|Jamaica|Japan|Jordan|Kazakhstan|Kenya|Kosovo|Kyrgyzstan|Latvia|Lebanon|Liechtenstein|Lithuania|Luxembourg|Macao|Macedonia|Malaysia|Malta|Mauritius|Mexico|Monaco|Mongolia|Montenegro|Morocco|Netherlands|New Zealand|Northern Ireland|Norway|Palestine|Panama|Paraguay|Peru|Philippines|Poland|Portugal|Qatar|Republic of Moldova|Romania|Russia|Rwanda|Saudi Arabia|Scotland|Serbia|Singapore|Slovakia|Slovenia|South Africa|South Korea|Spain|Sweden|Switzerland|Taiwan|Tajikistan|Thailand|Trinidad and Tobago|Tunisia|Turkey|Ukraine|United Arab Emirates|United Kingdom|Uruguay|USA|Uzbekistan|Vietnam|Wales|Zambia|Unknown","","","Use Unknown if cannot be derived, including waves where the item was not asked and no value is carried; never NA on a mapped row","TRUE","UK: England, Scotland, Wales or Northern Ireland wherever the data identify the nation; United Kingdom only where they do not. Sub-national samples and separately sampled territories map to their country, named in notes; Hong Kong, Macao and Taiwan are values in their own right. No country variable: a constant for where data were collected, inferred, source in notes. Never emit a value missing from allowed_values; ask for it to be added."
"state","Australian State","Australian state or territory where the participant was observed","demographics","participant","character","","ACT|NSW|NT|QLD|SA|TAS|VIC|WA|Unknown","","","Use NA if not applicable (i.e., not an Australian dataset) and Unknown if cannot be derived.","FALSE","Australian samples only; other datasets are unavailable ('Not an Australian dataset.'). Multi-country datasets: NA for non-Australian rows; Unknown for Australian rows whose state cannot be derived. Name the source (stratum, site, protocol) in notes. Used to report state-relevant findings to NSW DoE."
"ethnicity","Ethnicity","Participant ethnic or racial group, collapsed to the schema categories","demographics","participant","character","","White|Black|Mixed|Asian|Hispanic|Other|Unknown","","","Use Unknown if cannot be derived, including waves where the item was not asked and no value is carried; never NA on a mapped row","TRUE","Map through the shared ethnicity lookup; resolve released 'other, specify' text through a dataset lookup. US: Hispanic origin first, then race alone; two or more races = Mixed; AI/AN and NHPI = Other. A Hispanic-origin item sets Hispanic only in US and Canadian samples; elsewhere use the race, colour or ethnic-group item. Parda, Coloured and mixed-parentage groups = Mixed. Groups with no schema category (Indigenous and Pacific peoples, Arab/Middle Eastern, Gypsy/Roma/Traveller) = Other (proximate). A parent's own ethnicity used for the child: proximate. No item: unavailable; birthplace, language or religion only: incompatible; never a constant from study context."
"indigenous","Participant indigenous status","Participant is Indigenous to the country of data collection, as reported by the participant or a parent","demographics","participant","character","","Indigenous|Non-Indigenous|Unknown","","","Use Unknown if cannot be derived, including waves where the item was not asked and no value is carried; never NA on a mapped row","TRUE","Indigenous: the source's explicit Indigenous category (US American Indian/Alaska Native alone; Aboriginal/Torres Strait Islander; First Nations, Métis, Inuit; Māori; indígena). Groups Indigenous elsewhere (Pacific peoples in New Zealand) are Non-Indigenous. Non-Indigenous: any other answer to an item that offered an Indigenous option. Unknown: non-response, and sites whose item offered none. An item that forces multi-heritage respondents to one group outside Indigenous: partial. No Indigenous option in the study: unavailable."
"minority","Minority","Participant belongs to an ethnic minority group relative to the national majority of the country of data collection","demographics","participant","character","","Minority|Non-minority|Unknown","","","Use Unknown if cannot be derived, including waves where the item was not asked and no value is carried; never NA on a mapped row","TRUE","Non-minority: the national majority group (US non-Hispanic White; UK, Canada, Australia any White group; New Zealand European; China Han; elsewhere the numerical majority). All other groups, including Mixed and Hispanic, are Minority. Use the same item, free-text resolution and carry-forward as ethnicity. No ethnicity item: First- or Second-generation immigrant_background -> Minority, Native -> Non-minority (proximate); with parents' birthplaces only, both parents abroad (or one abroad and the other unknown) -> Minority, at least one born in the country -> Non-minority, otherwise Unknown (proximate); a direct item on membership of an ethnic or discriminated-against minority: proximate. No numerical majority (e.g. Brazil) or religion only: incompatible; Unknown for such sites in multi-country data."
"immigrant_background","Immigrant background","Immigrant background of the participant, from the birthplace of the participant and their parents","demographics","participant","character","","Native|Second-generation|First-generation|Unknown","","","Use Unknown if cannot be derived, including waves where the item was not asked and no value is carried; never NA on a mapped row","FALSE","Native: at least one parent born in the country of data collection. Second-generation: participant born in the country, both parents abroad. First-generation: participant and both parents abroad. One parent's birthplace unknown: the other decides. Unknown: no parent's birthplace known, or no parent born in the country and the participant's birthplace unknown. Use the UK as a whole; Hong Kong and Macao in their own right. Parents are the mother and father figures the source records; partial when one is systematically unobserved (resident figures only, not interviewed, never asked). Incompatible: child birthplace, language or citizenship alone, or rows that can emit only Native and Unknown."
"born_in_country","Born in country of data collection","Whether the participant was born in the country where the data were collected","demographics","participant","character","","Yes|No|Unknown","","","Use Unknown if cannot be derived","FALSE","From the participant's own birthplace; fill wherever it is recorded, including studies that also map immigrant_background. Use the UK as a whole (born elsewhere in the UK counts as Yes for a sample from one UK nation); Hong Kong and Macao in their own right. A constant Yes is allowed only where recruitment at birth in the country guarantees it (inferred). Carried within participant (carry-forward rule)."
"ses_area","Area-level SES","Socioeconomic status for the area the participant lives","demographics","participant","character","","High|Medium|Low|Unknown","","","Use Unknown if cannot be derived, including waves where the item was not asked and no value is carried; never NA on a mapped row","TRUE","Map a national area-deprivation or area-SES index of the residential small area (e.g. IMD, NZDep) on the index's national quintiles: the two least-deprived quintiles = High, the middle quintile = Medium, the two most-deprived = Low; a source already banded at these points maps directly. An officially designated neighbourhood type with a documented SES gradient may stand in (proximate; Medium not emitted). Settlement size, region, urbanicity and school-level indicators do not map here. Record the index, its release and which end is most deprived."
"ses_household","Household-level SES","Socioeconomic status of the participant's household or family","demographics","participant","character","","High|Medium|Low|Unknown","","","Use Unknown if cannot be derived, including waves where the item was not asked and no value is carried; never NA on a mapped row","TRUE","Low/Medium/High = 40/20/40 of the unweighted sample within wave (and within country or site where the measure is country- or site-specific); banded sources by ridit, fixed class schemes by their standard three-way collapse, subjective standing at the labelled anchors (household SES cuts in the harmonisation guide). Prefer, in order: composite SES index, equivalised income or income-to-needs, affluence/asset index, occupational class, subjective standing. Parental education alone and school-level indicators do not map here. Compatible: income, income-to-needs, affluence or composite measure with every level within 10 points of 40/20/40 in every wave; proximate otherwise."
"ses_household_measure","Household SES Measure Name","Source measure used to derive ses_household","demographics","study","character","","","","","Name the measure on every row of a wave in which ses_household is derived, including rows where ses_household is Unknown; NA in waves where it is not derived","TRUE","Constant per dataset and wave, written '<type>: <measure>', type one of Income | Income-to-needs | Affluence/assets | Composite SES index | Occupational class | Subjective standing (e.g. 'Income: gross annual household income, 13 bands'). Status inferred. The cut rule goes in ses_household notes, not here."
"ses_hukou","Household registration status (hukou)","China-specific household registration category, which governs access to schooling and welfare independently of income or current residence","demographics","participant","character","","Agricultural|Non-agricultural|Residence|None|Unknown","","","Use NA outside mainland China and wherever hukou was not asked (row unavailable), including China sites of multinational studies; use Unknown only when hukou was asked but the answer cannot be classified, including non-Chinese nationals","FALSE","Country-specific stratifier; NA for datasets outside mainland China. 'Residence' is the unified category created by the post-2014 hukou reform."
"maternal_education","Mother's education level","Highest completed education of the child's mother","demographics","participant","character","","Secondary school or less|Post-secondary|Bachelor degree or higher|Unknown","","","Use Unknown if cannot be derived, including waves where the item was not asked and no value is carried; never NA on a mapped row","TRUE","Mother figure the source identifies (biological, adoptive, step or foster; resident only where the source restricts to residents); name the definition in notes. Secondary school or less = ISCED 0-3, including A-levels, upper-secondary vocational qualifications and apprenticeships. Post-secondary = ISCED 4-5 and tertiary study begun but not completed. Bachelor degree or higher = ISCED 6-8. A source band spanning two levels goes to the level holding most of its members (proximate). Don't know, not applicable, other or foreign qualifications and no-mother codes = Unknown. Map through the shared education lookup."
"paternal_education","Father's education level","Highest completed education of the child's father","demographics","participant","character","","Secondary school or less|Post-secondary|Bachelor degree or higher|Unknown","","","Use Unknown if cannot be derived, including waves where the item was not asked and no value is carried; never NA on a mapped row","TRUE","Father figure the source identifies, defined as for maternal_education. Never substitute a non-parent carer; where the source does not say which carer is the father and one is inferred, proximate. Levels and rules as maternal_education."
"parental_education","Highest parental education level","Highest education level across the child's parents/carers","demographics","participant","character","","Secondary school or less|Post-secondary|Bachelor degree or higher|Unknown","","","Use Unknown if cannot be derived, including waves where the item was not asked and no value is carried; never NA on a mapped row","TRUE","Highest level across the parents or carers the source records, resident non-parent carers included. Use the study's own highest-parent variable when one exists. Otherwise take the maximum of the ordered source codes after dropping don't-know and not-applicable codes, so one known parent suffices. In waves where only one parent was asked about, emit Unknown. Levels and rules as maternal_education."
"urbanicity","Urbanicity","Urban, suburban or rural character of the participant's area of residence","demographics","participant","character","","Urban|Suburban|Rural|Unknown","","","Use Unknown if cannot be derived, including waves where the item was not asked and no value is carried; never NA on a mapped row","TRUE","Map an official national urban/rural typology by its own levels, in order, keeping its own thresholds. Raw settlement-size bands: under 5,000 inhabitants = Rural, 5,000 to under 100,000 = Suburban, 100,000 or more = Urban; a band straddling a threshold goes where most of its population lies. Binary sources emit Urban and Rural only. School location or a sampling stratum may stand in for residence. A study-level constant (inferred) only when the design guarantees urban residence at the measured wave. Compatible only for a residential three-level typology; proximate otherwise."
"family_structure","Family structure","Family structure of the household the child lives in (main home where the child has more than one)","demographics","participant","character","","Two biological/adoptive parents|Step family|Single parent|Other|Unknown","","","Use Unknown if cannot be derived, including waves where the item was not asked and no value is carried; never NA on a mapped row","FALSE","Two biological/adoptive parents: both resident parental figures are biological or adoptive, even if a step-parent is also reported. Step family: two resident parental figures, at least one biological/adoptive and at least one step-parent or a parent's co-resident partner. Single parent: one resident parental figure, no co-resident partner. Other: no resident biological/adoptive parent (grandparent, foster or institutional care, step-parent only). Shared care: the main home; none identifiable = Unknown. Source cannot separate step-parents from parents: use the category its structure forces (never Unknown for one category only), name it, proximate."
"fam_screenrules","Family: Parental rules on screen time","Whether parents set rules limiting how much or when the child uses screens","family","participant","character","","TRUE|FALSE","","","Use NA if not available","FALSE","TRUE if any rule limits the amount or timing of screen use; content-only rules are FALSE. Where asked per device, TRUE if any device has such a rule. Record the respondent and devices covered. A parent's technical time limit (device or app settings) is partial."
"fam_bedroomscreen","Family: Screen device in bedroom","Whether a screen device (TV, computer, games console, tablet or phone) is kept in the child's bedroom","family","participant","character","","TRUE|FALSE","","","Use NA if not available","FALSE","TRUE if any covered device is in the bedroom. Record the devices the item covers; an item on one device only (e.g. a TV) is partial. A behaviour item that places a device in the bedroom (using it there, keeping it by the bed at night) is partial, TRUE for any use or occurrence."
"fam_parentstress","Family: Parenting stress","Total score on the study's parenting-stress scale, where higher indicates more stress","family","participant","double","","","","","Use NA if not available","FALSE","Generic row for parenting-stress scales (e.g. the Parenting Stress Index short form total or one of its subscales). Record the instrument and subscales in fam_parentstress_measure; standardise within dataset at analysis."
"fam_parentstress_measure","Family: Parenting stress measure","Source measure, item count and item scoring behind fam_parentstress","family","study","character","","","","","Should not be missing where fam_parentstress is non-missing; NA in waves where the scale was not administered; 'Unknown' only when a score exists but its instrument cannot be identified","FALSE","'<instrument and subscales>, <k> of <K> items, <a>-<b> item scoring (range <min>-<max>), <sum|mean>'. Status inferred."
"school_grade","School grade or year level","School grade or year level at the observation","demographics","participant","character","","","","","Use NA if not available","FALSE","The study's own year-level label, translated where needed but keeping system terms (Year 7, Klasse 5, 9th year ensino fundamental, 3ro ESO, Junior high 2); never renumber onto another system. One wording per school system across datasets (Korea: 'Middle School 1st Grade'). Grade fixed by sampling whole classes of one grade: emit it, compatible. Grade deduced from cohort progression or birth-date windows: inferred, and only where documentation names the grade. School-type or sampled age-group codes without a year level: incompatible. For sample description only."
"st_measure_id","Screen Time Measure ID","Identifies which screen-time measure a row carries when a dataset contributes more than one (for example a questionnaire and a time-use diary, or a parent and a child report). The rows derived from a datasets untagged variables.csv mapping are primary; rows produced by a measure tag in variables.csv carry that tag. participant_id + wave + st_measure_id identify a row.","screen_time","participant","character","","","","","Injected by the harmoniser, should never be missing","TRUE","System variable filled by the pipeline, not mapped in variables.csv. Filtering to st_measure_id == primary reproduces the one-row-per-participant-wave table."
"st_measure_type","Screen Time Measurement Type","Response format of the screen-time items on this row","screen_time","study","character","","Continuous|Categorical","","","Should not be missing","TRUE","Continuous: open numeric time entry (hours or minutes), time-use diary or device log. Categorical: response bands, including bands the study or the mapping scores as hours. Where items of both formats feed a row, record the format behind its core st_ variables and name the other in notes. Vary by wave where the format changes."
"st_measure_name","Screen Time Measure Name","Instrument that supplied the screen-time items on this row","screen_time","study","character","","","","","Should not be missing; use ""Unknown"" only when item provenance cannot be established","TRUE","One controlled label: the published name of a standalone instrument (e.g. ""Questionnaire for Screen Time of Adolescents (QueST)""); ""Time use diary"" for diaries; ""Custom"" for items written for the study or its survey programme, including the study's own questionnaire; ""Unknown"" only when item provenance cannot be established. Never combined labels (""Unknown/custom"") or ""Custom: ..."" variants. Item wording, codes and waves go in variables.csv notes."
"st_responder","Screen Time Respondent","Who reported the screen-time values on this row","screen_time","participant","character","","Self|Parent or carer|Teacher|Device or objective measure|Other|Unknown","","","NA on rows with no screen-time value; Unknown when the row has screen-time values but the respondent cannot be determined","TRUE","One responder per row: every st_ value on the row, and every filter question that sets one to zero, comes from that responder. Vary by wave or age where the respondent changes by design; with no who-answered variable, deduce it from which item series is answered and record the cut in notes. Primary rows carry the study's main series; a second responder on the same occasion is a tagged measure block (DR-0003). Never combine responders within a row or a variable."
"st_total_wd","Screen Time: Aggregated total on average weekday","Total time engaging in screen use on weekdays","screen_time","participant","double","hours","","0","24","Use NA if not asked or not answered; use 0 where a filter establishes non-use (non-users rule in the harmonisation guide)","FALSE","Weekday or school-day variant of st_total; rules as st_total."
"st_total_we","Screen Time: Aggregated total on average weekend day","Total time engaging in screen use on weekends","screen_time","participant","double","hours","","0","24","Use NA if not asked or not answered; use 0 where a filter establishes non-use (non-users rule in the harmonisation guide)","FALSE","Weekend or non-school-day variant of st_total; rules as st_total."
"st_total","Screen Time: Aggregated total on average day","Total time engaging in screen use on a regular or average day","screen_time","participant","double","hours","","0","24","Use NA if not asked or not answered; use 0 where a filter establishes non-use (non-users rule in the harmonisation guide)","FALSE","Not for the original IPD. Map one item on all screen use, or sum items the instrument defines as mutually exclusive parts of it (contexts such as location, learning vs leisure, alone vs co-use). Partial if devices or purposes are excluded. A sum of separately asked activity or device items is incompatible, including a total the study computed from them (DR-0002, DR-0004). Internet-only and single-device items go to their own rows and are incompatible here. A skipped part leaves a summed total NA; never score it as zero unless the instrument's documentation does."
"st_watch_wd","Screen Time: Watching (e.g., TV, streaming) on average weekday","Time spent watching content (e.g., TV, movies, streaming) on weekdays","screen_time","participant","double","hours","","0","24","Use NA if not asked or not answered; use 0 where a filter establishes non-use (non-users rule in the harmonisation guide)","TRUE","Weekday or school-day variant of st_watch; rules as st_watch."
"st_watch_we","Screen Time: Watching (e.g., TV, streaming) on average weekend day","Time spent watching content (e.g., TV, movies, streaming) on weekends","screen_time","participant","double","hours","","0","24","Use NA if not asked or not answered; use 0 where a filter establishes non-use (non-users rule in the harmonisation guide)","TRUE","Weekend or non-school-day variant of st_watch; rules as st_watch."
"st_watch","Screen Time: Watching (e.g., TV, streaming) on usual day","Time spent watching content (e.g., TV, movies, streaming) on regular or average day","screen_time","participant","double","hours","","0","24","Use NA if not asked or not answered; use 0 where a filter establishes non-use (non-users rule in the harmonisation guide)","TRUE","TV, films, series and online video on any device. Partial: an item limited to the TV set (broadcast TV, videos or DVDs on the set), or one that also counts gaming at the TV or radio. Viewing sources (broadcast, DVD, streaming, online video) may be summed here (DR-0002); record the sum. An item pooling watching with gaming, computer or internet use goes to st_total."
"st_game_wd","Screen Time: Gaming (any device) on average weekday","Time spent playing video games on any device (console, computer, handheld, phone, tablet) on weekdays","screen_time","participant","double","hours","","0","24","Use NA if not asked or not answered; use 0 where a filter establishes non-use (non-users rule in the harmonisation guide)","TRUE","Weekday or school-day variant of st_game; rules as st_game."
"st_game_we","Screen Time: Gaming (any device) on average weekend day","Time spent playing video games on any device (console, computer, handheld, phone, tablet) on weekends","screen_time","participant","double","hours","","0","24","Use NA if not asked or not answered; use 0 where a filter establishes non-use (non-users rule in the harmonisation guide)","TRUE","Weekend or non-school-day variant of st_game; rules as st_game."
"st_game","Screen Time: Gaming (any device) on usual day","Time spent playing video games on any device (console, computer, handheld, phone, tablet) on regular or average day","screen_time","participant","double","hours","","0","24","Use NA if not asked or not answered; use 0 where a filter establishes non-use (non-users rule in the harmonisation guide)","TRUE","Device-specific gaming items may be summed here (DR-0002); record the sum. An item pooling gaming with other non-school computer use maps here as partial, and st_comp* is incompatible. An item whose examples name social media is not mapped here (incompatible). An item naming devices that leaves out phones and tablets (e.g. computer or console) is partial whatever its year; an item naming no device is compatible."
"st_game_comp_wd","Screen Time: Gaming on computer on average weekday","Time spent playing games on a computer on weekdays","screen_time","participant","double","hours","","0","24","Use NA if not asked or not answered; use 0 where a filter establishes non-use (non-users rule in the harmonisation guide)","TRUE","Weekday or school-day variant of st_game_comp; rules as st_game_comp."
"st_game_comp_we","Screen Time: Gaming on computer on average weekend day","Time spent playing games on a computer on weekends","screen_time","participant","double","hours","","0","24","Use NA if not asked or not answered; use 0 where a filter establishes non-use (non-users rule in the harmonisation guide)","TRUE","Weekend or non-school-day variant of st_game_comp; rules as st_game_comp."
"st_game_comp","Screen Time: Gaming on computer on usual day","Time spent playing games on a computer on regular or average day","screen_time","participant","double","hours","","0","24","Use NA if not asked or not answered; use 0 where a filter establishes non-use (non-users rule in the harmonisation guide)","TRUE","Computer gaming only. Computer and tablet offered as one response option go to st_game_tablet (partial); this row is then incompatible. Under a pooled multi-device gaming item this row is unavailable ('No device split; see st_game.')."
"st_game_console_wd","Screen Time: Gaming on a regular console on average weekday","Time spent playing games on a regular console on weekdays","screen_time","participant","double","hours","","0","24","Use NA if not asked or not answered; use 0 where a filter establishes non-use (non-users rule in the harmonisation guide)","TRUE","Weekday or school-day variant of st_game_console; rules as st_game_console."
"st_game_console_we","Screen Time: Gaming on a regular console on average weekend day","Time spent playing games on a regular console on weekends","screen_time","participant","double","hours","","0","24","Use NA if not asked or not answered; use 0 where a filter establishes non-use (non-users rule in the harmonisation guide)","TRUE","Weekend or non-school-day variant of st_game_console; rules as st_game_console."
"st_game_console","Screen Time: Gaming on a regular console on usual day","Time spent playing games on a regular console on regular or average day","screen_time","participant","double","hours","","0","24","Use NA if not asked or not answered; use 0 where a filter establishes non-use (non-users rule in the harmonisation guide)","TRUE","Console gaming only. A console item that also covers handhelds maps here as partial, and st_game_handheldconsole is incompatible. Under a pooled multi-device gaming item this row is unavailable ('No device split; see st_game.')."
"st_game_handheldconsole_wd","Screen Time: Gaming on a handheld console on average weekday","Time spent playing games on a handheld console on weekdays","screen_time","participant","double","hours","","0","24","Use NA if not asked or not answered; use 0 where a filter establishes non-use (non-users rule in the harmonisation guide)","TRUE","Weekday or school-day variant of st_game_handheldconsole; rules as st_game_handheldconsole."
"st_game_handheldconsole_we","Screen Time: Gaming on a handheld console on average weekend day","Time spent playing games on a handheld console on weekends","screen_time","participant","double","hours","","0","24","Use NA if not asked or not answered; use 0 where a filter establishes non-use (non-users rule in the harmonisation guide)","TRUE","Weekend or non-school-day variant of st_game_handheldconsole; rules as st_game_handheldconsole."
"st_game_handheldconsole","Screen Time: Gaming on a handheld console on usual day","Time spent playing games on a handheld console on regular or average day","screen_time","participant","double","hours","","0","24","Use NA if not asked or not answered; use 0 where a filter establishes non-use (non-users rule in the harmonisation guide)","TRUE","Handheld-console gaming only. A console item that also covers handhelds goes to st_game_console (partial); this row is then incompatible. Under a pooled multi-device gaming item this row is unavailable ('No device split; see st_game.')."
"st_game_active_wd","Screen Time: Gaming using active-gaming equipment on average weekday","Time spent playing active games on weekdays","screen_time","participant","double","hours","","0","24","Use NA if not asked or not answered; use 0 where a filter establishes non-use (non-users rule in the harmonisation guide)","TRUE","Weekday or school-day variant of st_game_active; rules as st_game_active."
"st_game_active_we","Screen Time: Gaming using active-gaming equipment on average weekend day","Time spent playing active games on weekends","screen_time","participant","double","hours","","0","24","Use NA if not asked or not answered; use 0 where a filter establishes non-use (non-users rule in the harmonisation guide)","TRUE","Weekend or non-school-day variant of st_game_active; rules as st_game_active."
"st_game_active","Screen Time: Gaming using active-gaming equipment on usual day","Time spent playing active games on regular or average day","screen_time","participant","double","hours","","0","24","Use NA if not asked or not answered; use 0 where a filter establishes non-use (non-users rule in the harmonisation guide)","TRUE","Under a pooled multi-device gaming item this row is unavailable ('No device split; see st_game.')."
"st_game_phone_wd","Screen Time: Gaming on a phone on average weekday","Time spent playing games on a phone on weekdays","screen_time","participant","double","hours","","0","24","Use NA if not asked or not answered; use 0 where a filter establishes non-use (non-users rule in the harmonisation guide)","TRUE","Weekday or school-day variant of st_game_phone; rules as st_game_phone."
"st_game_phone_we","Screen Time: Gaming on a phone on average weekend day","Time spent playing games on a phone on weekends","screen_time","participant","double","hours","","0","24","Use NA if not asked or not answered; use 0 where a filter establishes non-use (non-users rule in the harmonisation guide)","TRUE","Weekend or non-school-day variant of st_game_phone; rules as st_game_phone."
"st_game_phone","Screen Time: Gaming on a phone on usual day","Time spent playing games on a phone on regular or average day","screen_time","participant","double","hours","","0","24","Use NA if not asked or not answered; use 0 where a filter establishes non-use (non-users rule in the harmonisation guide)","TRUE","Phone gaming only. Phone and tablet pooled: map here (partial); st_game_tablet is then incompatible. Under a pooled multi-device gaming item this row is unavailable ('No device split; see st_game.')."
"st_game_tablet_wd","Screen Time: Gaming on a tablet on average weekday","Time spent playing games on a tablet on weekdays","screen_time","participant","double","hours","","0","24","Use NA if not asked or not answered; use 0 where a filter establishes non-use (non-users rule in the harmonisation guide)","TRUE","Weekday or school-day variant of st_game_tablet; rules as st_game_tablet."
"st_game_tablet_we","Screen Time: Gaming on a tablet on average weekend day","Time spent playing games on a tablet on weekends","screen_time","participant","double","hours","","0","24","Use NA if not asked or not answered; use 0 where a filter establishes non-use (non-users rule in the harmonisation guide)","TRUE","Weekend or non-school-day variant of st_game_tablet; rules as st_game_tablet."
"st_game_tablet","Screen Time: Gaming on a tablet on usual day","Time spent playing games on a tablet on regular or average day","screen_time","participant","double","hours","","0","24","Use NA if not asked or not answered; use 0 where a filter establishes non-use (non-users rule in the harmonisation guide)","TRUE","Tablet gaming only. Phone and tablet pooled: map to st_game_phone (partial); this row is then incompatible. Computer and tablet offered as one response option: map here (partial); st_game_comp is then incompatible. Under a pooled multi-device gaming item this row is unavailable ('No device split; see st_game.')."
"st_comp_nongaming_wd","Screen Time: Computer (non-gaming) on average weekday","Time spent using a computer (non-gaming) on weekdays","screen_time","participant","double","hours","","0","24","Use NA if not asked or not answered; use 0 where a filter establishes non-use (non-users rule in the harmonisation guide)","TRUE","Weekday or school-day variant of st_comp_nongaming; rules as st_comp_nongaming."
"st_comp_nongaming_we","Screen Time: Computer (non-gaming) on average weekend day","Time spent using a computer (non-gaming) on weekends","screen_time","participant","double","hours","","0","24","Use NA if not asked or not answered; use 0 where a filter establishes non-use (non-users rule in the harmonisation guide)","TRUE","Weekend or non-school-day variant of st_comp_nongaming; rules as st_comp_nongaming."
"st_comp_nongaming","Screen Time: Computer (non-gaming) on usual day","Time spent using a computer (non-gaming) on regular or average day","screen_time","participant","double","hours","","0","24","Use NA if not asked or not answered; use 0 where a filter establishes non-use (non-users rule in the harmonisation guide)","TRUE","Computer use other than games, including a computer item asked alongside a separate gaming item. Partial when the item lists purposes. An 'other things' item that can include games is incompatible."
"st_comp_wd","Screen Time: Computer for any purpose on average weekday","Time spent using a computer for any purpose on weekdays","screen_time","participant","double","hours","","0","24","Use NA if not asked or not answered; use 0 where a filter establishes non-use (non-users rule in the harmonisation guide)","TRUE","Weekday or school-day variant of st_comp; rules as st_comp."
"st_comp_we","Screen Time: Computer for any purpose on average weekend day","Time spent using a computer for any purpose on weekends","screen_time","participant","double","hours","","0","24","Use NA if not asked or not answered; use 0 where a filter establishes non-use (non-users rule in the harmonisation guide)","TRUE","Weekend or non-school-day variant of st_comp; rules as st_comp."
"st_comp","Screen Time: Computer for any purpose on usual day","Time spent using a computer for any purpose on regular or average day","screen_time","participant","double","hours","","0","24","Use NA if not asked or not answered; use 0 where a filter establishes non-use (non-users rule in the harmonisation guide)","TRUE","Desktop or laptop use for any purpose, gaming included; st_game_comp and st_comp_nongaming items may be summed here (DR-0002; record the sum). A computer item that excludes games goes to st_comp_nongaming; with no computer-gaming item to add, this row is incompatible. Other purpose-restricted computer items: partial. An item pooling computers with phones is not mapped here (residual online use goes to st_internet). Computer and tablet offered as one response option go to st_tablet (partial); this row is then incompatible."
"st_tablet_wd","Screen Time: Tablet for any purpose on average weekday","Time spent using a tablet for any purpose on weekdays","screen_time","participant","double","hours","","0","24","Use NA if not asked or not answered; use 0 where a filter establishes non-use (non-users rule in the harmonisation guide)","TRUE","Weekday or school-day variant of st_tablet; rules as st_tablet."
"st_tablet_we","Screen Time: Tablet for any purpose on average weekend day","Time spent using a tablet for any purpose on weekends","screen_time","participant","double","hours","","0","24","Use NA if not asked or not answered; use 0 where a filter establishes non-use (non-users rule in the harmonisation guide)","TRUE","Weekend or non-school-day variant of st_tablet; rules as st_tablet."
"st_tablet","Screen Time: Tablet for any purpose on usual day","Time spent using a tablet for any purpose on regular or average day","screen_time","participant","double","hours","","0","24","Use NA if not asked or not answered; use 0 where a filter establishes non-use (non-users rule in the harmonisation guide)","TRUE","Tablet use for any purpose; activity items asked for the tablet may be summed here (DR-0002). A single tablet activity is incompatible here. Phone and tablet pooled: map to st_phone (partial); this row is then incompatible. Computer and tablet offered as one response option: map here (partial); st_comp is then incompatible."
"st_phone_wd","Screen Time: Smartphone for any purpose on average weekday","Time spent using a smartphone for any purpose on weekdays","screen_time","participant","double","hours","","0","24","Use NA if not asked or not answered; use 0 where a filter establishes non-use (non-users rule in the harmonisation guide)","TRUE","Weekday or school-day variant of st_phone; rules as st_phone."
"st_phone_we","Screen Time: Smartphone for any purpose on average weekend day","Time spent using a smartphone for any purpose on weekends","screen_time","participant","double","hours","","0","24","Use NA if not asked or not answered; use 0 where a filter establishes non-use (non-users rule in the harmonisation guide)","TRUE","Weekend or non-school-day variant of st_phone; rules as st_phone."
"st_phone","Screen Time: Smartphone for any purpose on usual day","Time spent using a smartphone for any purpose on regular or average day","screen_time","participant","double","hours","","0","24","Use NA if not asked or not answered; use 0 where a filter establishes non-use (non-users rule in the harmonisation guide)","TRUE","Activity items asked for the phone may be summed here (DR-0002). A single phone activity is incompatible here (texting goes to st_messaging, phone gaming to st_game_phone). Leisure-only or internet-only phone items: partial. Phone and tablet pooled: map here (partial)."
"st_socmedia_wd","Screen Time: Social media on average weekday","Time spent on social media (any device) on weekdays","screen_time","participant","double","hours","","0","24","Use NA if not asked or not answered; use 0 where a filter establishes non-use (non-users rule in the harmonisation guide)","TRUE","Weekday or school-day variant of st_socmedia; rules as st_socmedia."
"st_socmedia_we","Screen Time: Social media on average weekend day","Time spent on social media (any device) on weekends","screen_time","participant","double","hours","","0","24","Use NA if not asked or not answered; use 0 where a filter establishes non-use (non-users rule in the harmonisation guide)","TRUE","Weekend or non-school-day variant of st_socmedia; rules as st_socmedia."
"st_socmedia","Screen Time: Social media on usual day","Time spent on social media (any device) on regular or average day","screen_time","participant","double","hours","","0","24","Use NA if not asked or not answered; use 0 where a filter establishes non-use (non-users rule in the harmonisation guide)","TRUE","Content category; never derive from device items. An item bundling social media with messaging maps here as partial. A catch-all 'other online activities' item naming social media as one example goes to st_internet (partial); this row is then incompatible. Examples naming video-sharing platforms (e.g. YouTube) do not make the item bundled with watching. A bundled item is not added to a direct social-media item, nor spliced onto waves a direct item fills; name it as unused."
"st_educational_wd","Screen Time: Educational use on average weekday","Time spent using screens for educational purposes (e.g., homework or study) on weekdays","screen_time","participant","double","hours","","0","24","Use NA if not asked or not answered; use 0 where a filter establishes non-use (non-users rule in the harmonisation guide)","TRUE","Weekday or school-day variant of st_educational; rules as st_educational."
"st_educational_we","Screen Time: Educational use on average weekend day","Time spent using screens for educational purposes (e.g., homework or study) on weekends","screen_time","participant","double","hours","","0","24","Use NA if not asked or not answered; use 0 where a filter establishes non-use (non-users rule in the harmonisation guide)","TRUE","Weekend or non-school-day variant of st_educational; rules as st_educational."
"st_educational","Screen Time: Educational use on usual day","Time spent using screens for educational purposes (e.g., homework or study) on regular or average day","screen_time","participant","double","hours","","0","24","Use NA if not asked or not answered; use 0 where a filter establishes non-use (non-users rule in the harmonisation guide)","TRUE","Screen use for study, homework or online lessons, on any device and in any location; location parts may be summed here (DR-0002). Study or homework time that does not name screens is incompatible, except during fully remote schooling (partial; say why). An item pooling homework with communication or leisure is incompatible."
"st_work_wd","Screen Time: Work or internship on average weekday","Time spent using screens for paid work, internship or job-related purposes on weekdays","screen_time","participant","double","hours","","0","24","Use NA if not asked or not answered; use 0 where a filter establishes non-use (non-users rule in the harmonisation guide)","FALSE","Weekday or school-day variant of st_work; rules as st_work."
"st_work_we","Screen Time: Work or internship on average weekend day","Time spent using screens for paid work, internship or job-related purposes on weekends","screen_time","participant","double","hours","","0","24","Use NA if not asked or not answered; use 0 where a filter establishes non-use (non-users rule in the harmonisation guide)","FALSE","Weekend or non-school-day variant of st_work; rules as st_work."
"st_work","Screen Time: Work or internship on usual day","Time spent using screens for paid work, internship or job-related purposes on a regular or average day","screen_time","participant","double","hours","","0","24","Use NA if not asked or not answered; use 0 where a filter establishes non-use (non-users rule in the harmonisation guide)","FALSE","Paid work, internship or job-related screen use on any device. Study and homework go to st_educational."
"st_internet_wd","Screen Time: General internet use on average weekday","Time spent using the internet for unspecified purposes (any device) on weekdays","screen_time","participant","double","hours","","0","24","Use NA if not asked or not answered; use 0 where a filter establishes non-use (non-users rule in the harmonisation guide)","TRUE","Weekday or school-day variant of st_internet; rules as st_internet."
"st_internet_we","Screen Time: General internet use on average weekend day","Time spent using the internet for unspecified purposes (any device) on weekends","screen_time","participant","double","hours","","0","24","Use NA if not asked or not answered; use 0 where a filter establishes non-use (non-users rule in the harmonisation guide)","TRUE","Weekend or non-school-day variant of st_internet; rules as st_internet."
"st_internet","Screen Time: General internet use on usual day","Time spent using the internet for unspecified purposes (any device) on regular or average day","screen_time","participant","double","hours","","0","24","Use NA if not asked or not answered; use 0 where a filter establishes non-use (non-users rule in the harmonisation guide)","TRUE","Generic online time on any device; its location or device parts may be summed here (DR-0002). Partial: purpose-restricted items (leisure only, non-study) and residual 'other online or computer use' items asked alongside separate categories. Internet-only totals map here, never to st_total. Never add this row to other categories. A residual or leisure-browsing item is not added to a direct item, nor spliced onto waves a different item fills; name it as unused."
"st_videochat","Screen Time: Video chatting on usual day","Time spent video chatting or on video calls (e.g. Skype, FaceTime, Zoom) on a regular or average day","screen_time","participant","double","hours","","0","24","Use NA if not asked or not answered; use 0 where a filter establishes non-use (non-users rule in the harmonisation guide)","FALSE","Add _wd/_we rows to the schema if a study splits weekday from weekend."
"st_messaging_wd","Screen Time: Messaging on average weekday","Time spent texting or using messaging apps (any device) on weekdays","screen_time","participant","double","hours","","0","24","Use NA if not asked or not answered; use 0 where a filter establishes non-use (non-users rule in the harmonisation guide)","FALSE","Weekday variant of st_messaging; see that row for what belongs here rather than on st_socmedia or the device-based st_phone."
"st_messaging_we","Screen Time: Messaging on average weekend day","Time spent texting or using messaging apps (any device) on weekends","screen_time","participant","double","hours","","0","24","Use NA if not asked or not answered; use 0 where a filter establishes non-use (non-users rule in the harmonisation guide)","FALSE","Weekend variant of st_messaging; see that row for what belongs here rather than on st_socmedia or the device-based st_phone."
"st_messaging","Screen Time: Messaging on usual day","Time spent texting or using messaging apps (any device) on a regular or average day","screen_time","participant","double","hours","","0","24","Use NA if not asked or not answered; use 0 where a filter establishes non-use (non-users rule in the harmonisation guide)","FALSE","Texting or messaging-app items; never map them to st_phone. An item bundling messaging with social media goes to st_socmedia (partial); this row is then incompatible."
"st_creating","Screen Time: Creating and posting content on usual day","Time spent making and posting own content (e.g. recording and uploading videos) on a regular or average day","screen_time","participant","double","hours","","0","24","Use NA if not asked or not answered; use 0 where a filter establishes non-use (non-users rule in the harmonisation guide)","FALSE","Distinguishes active content production from the consumption measured by st_socmedia and st_watch. Add _wd/_we variants if a study splits weekday from weekend."
"st_email","Screen Time: Email on usual day","Time spent emailing (any device) on a regular or average day","screen_time","participant","double","hours","","0","24","Use NA if not asked or not answered; use 0 where a filter establishes non-use (non-users rule in the harmonisation guide)","FALSE","Add _wd/_we rows to the schema if a study splits weekday from weekend."
"st_shopping","Screen Time: Online shopping on usual day","Time spent shopping online (any device) on a regular or average day","screen_time","participant","double","hours","","0","24","Use NA if not asked or not answered; use 0 where a filter establishes non-use (non-users rule in the harmonisation guide)","FALSE","Add _wd/_we rows to the schema if a study splits weekday from weekend."
"st_total_school","Screen Time: Aggregated total at school on average school day","Total time engaging in screen use while at school on an average school day","screen_time","participant","double","hours","","0","24","Use NA if not asked or not answered; use 0 where a filter establishes non-use (non-users rule in the harmonisation guide)","FALSE","School-context variable for RQ4 (home vs school); aggregate without content so, like st_total, not for the content-adjusted models"
"st_educational_school","Screen Time: Educational use at school on average school day","Time spent using screens for educational purposes (e.g., classwork or study) while at school on an average school day","screen_time","participant","double","hours","","0","24","Use NA if not asked or not answered; use 0 where a filter establishes non-use (non-users rule in the harmonisation guide)","TRUE","School-context variable for RQ4 (home vs school); the unsuffixed st_educational covers use in any location"
"st_comp_school","Screen Time: Computer for any purpose at school on average school day","Time spent using a computer for any purpose while at school on an average school day","screen_time","participant","double","hours","","0","24","Use NA if not asked or not answered; use 0 where a filter establishes non-use (non-users rule in the harmonisation guide)","TRUE","School-context variable for RQ4 (home vs school); the unsuffixed st_comp covers use in any location"
"st_tablet_school","Screen Time: Tablet for any purpose at school on average school day","Time spent using a tablet for any purpose while at school on an average school day","screen_time","participant","double","hours","","0","24","Use NA if not asked or not answered; use 0 where a filter establishes non-use (non-users rule in the harmonisation guide)","TRUE","School-context variable for RQ4 (home vs school); the unsuffixed st_tablet covers use in any location"
"st_internet_school","Screen Time: General internet use at school on average school day","Time spent using the internet for unspecified purposes (any device) while at school on an average school day","screen_time","participant","double","hours","","0","24","Use NA if not asked or not answered; use 0 where a filter establishes non-use (non-users rule in the harmonisation guide)","TRUE","School-context variable for RQ4 (home vs school); overlaps other categories so never sum with them (DR-0002)"
"st_phone_school","Screen Time: Smartphone for any purpose at school on average school day","Time spent using a smartphone for any purpose while at school on an average school day","screen_time","participant","double","hours","","0","24","Use NA if not asked or not answered; use 0 where a filter establishes non-use (non-users rule in the harmonisation guide)","TRUE","School-context variable for RQ4 (home vs school); policy-relevant given school phone bans"
"acc_academachment_selfrated","Academic Achievement: Academic Achievement - self-rated","Child-reported rating of their overall school performance, grades or class standing (their own view, or their teacher's view as they perceive it)","academic","participant","character","","Very good|Good|Average|Below average","","","Use NA if not available","FALSE","The HBSC item (what the teacher thinks of the child's performance compared with classmates) or the child's own rating of overall grades or class standing. Five-level scales: the five-level collapse in the harmonisation guide (proximate). Letter or numeric grades go to acc_academachment_lettergrades or acc_academachment_numgrades; satisfaction with performance to wb_domainsat_schoolwork_self. Quality-of-life school items (e.g. KIDSCREEN), subject self-concept items ('I am good at maths') and parent ratings are incompatible."
"acc_academachment_lettergrades","Academic Achievement: Academic Achievement - student grades (categorical letter grades)","Overall school grade reported as a letter grade","academic","participant","character","","A|A/B|B|B/C|C|C/D|D|F","","","Use NA if not available; 'not graded', 'not sure' and pass/fail are NA","TRUE","Overall grade only; grades for single subjects are incompatible. Fold +/- onto the letter (proximate); 'Mostly X's' = X; a two-letter band = X/Y; an open bottom band ('D or lower') = D. Also map every letter-grade source to acc_academachment_numgrades, and never pool the two rows as independent outcomes."
"acc_academachment_stdtest","Academic Achievement: General education - standardised tests","Score on a standardised general-education achievement test: an overall composite, or a subject other than reading and mathematics (e.g. science)","academic","participant","double","","","","","Use NA if not available","TRUE","Reading and mathematics tests go to acc_literacy_stdtest or acc_numeracy_stdtest, never here. Map one test per dataset (the one fielded in most waves) and record the test, domain and score type."
"acc_schoolengage_caresschool","Academic Engagement: Cares about doing well in school","How often the child cares about doing well in school","academic","participant","character","","Always|Usually|Sometimes|Never","","","Use NA if not available","FALSE","Frequency ratings only ('All/Most/Some of the time' = Always/Usually/Sometimes). Degree, importance or agreement ratings, effort items ('tries their best') and liking or enjoying school are incompatible. Record the informant and waves."
"acc_schoolengage_homework","Academic Engagement: Completes all required homework","How often the child does all the homework they are required to do","academic","participant","character","","Always|Usually|Sometimes|Never","","","Use NA if not available","FALSE","Completion-frequency items only. Homework hours, how often homework is set, parental checking, and difficulty or lateness items are incompatible. Record the informant and waves."
"acc_schoolpressure_self","Academic: Pressure from schoolwork (self-report)","How pressured the participant feels by the schoolwork they have to do","academic","participant","character","","A lot|Some|A little|Not at all","","","Use NA if not available","FALSE","Single item. Scales with other anchors map by rank and are proximate; record the anchors. A five-point pressure scale maps its top two levels to 'A lot'. Worry about school performance and test anxiety are related items (incompatible, item named)."
"acc_schoolbelonging_self","Academic: School belonging (self-report)","Total score on the study's school belonging or connectedness scale, where higher indicates stronger belonging","academic","participant","double","","","","","Use NA if not available","FALSE","Generic row for multi-item belonging or connectedness scales. Reverse negatively worded items so higher = stronger belonging; record the instrument and scoring in acc_schoolbelonging_measure; standardise within dataset. Single items are incompatible; satisfaction with school goes to wb_domainsat_school_self. Only scales presented as belonging or connectedness; teacher- or classmate-support scales and school-environment quality-of-life subscales are incompatible."
"acc_schoolbelonging_measure","Academic: School belonging measure","Source measure, item count and item scoring behind acc_schoolbelonging_self","academic","study","character","","","","","Should not be missing where acc_schoolbelonging_self is non-missing; NA in waves or country-cycles where the scale was not administered; 'Unknown' only when a score exists but its instrument cannot be identified","FALSE","'<instrument>, <k> of <K> items, <a>-<b> item scoring (range <min>-<max>), <sum|mean>', then the reverse-scored items. Status inferred."
"acc_academachment_numgrades","Academic Achievement: Academic Achievement - student grades (numeric)","Overall school grades on a numeric scale (grade points, percentage or national scale), including US letter grades converted to grade points, where higher indicates better achievement","academic","participant","double","","","","","Use NA if not available","TRUE","Reverse scales where a low mark is best (German 1-6: 7 - mark). US letter grades: A=4, B=3, C=2, D=1, F=0, +/- = ±0.3, two-letter bands at their midpoint, 'D or lower' = 1; one overall grade compatible, bands partial. Subject marks only: mean of all academic subjects reported (not arts, PE or ICT), all required, partial. Never convert between national scales; record the source metric."
"acc_academachment_teacherrated","Academic Achievement: Academic Achievement - teacher-rated","Teacher's rating of the child's overall academic performance","academic","participant","character","","Very good|Good|Average|Below average","","","Use NA if not available","FALSE","Teacher's overall rating, or the mean of the teacher's ratings of every academic subject rated (language, maths, science or social studies; not arts, PE or ICT), all required, partial; round half toward the poorer level. Five-level scales: the five-level collapse in the harmonisation guide. A student's report of the teacher's view goes to acc_academachment_selfrated."
"acc_numeracy_stdtest","Academic Achievement: Numeracy - standardised tests","Student performance on standardised numeracy or mathematics tests","academic","participant","double","","","","","Use NA if not available","TRUE","Record the test and score type in variables.csv; standardise within dataset and wave at analysis"
"acc_literacy_stdtest","Academic Achievement: Literacy - standardised tests","Student performance on standardised literacy or reading tests","academic","participant","double","","","","","Use NA if not available","TRUE","Record the test and score type in variables.csv; standardise within dataset and wave at analysis"
"beh_hyper_basc2","Behaviour: Hyperactivity - Behavior Assessment System for Children-2 Hyperactivity subscale","Raw score on the BASC-2 Parent Rating Scales Hyperactivity scale, where higher indicates more hyperactivity","behaviour","participant","double","","","","","Use NA if not available","FALSE","Raw score, not the T-score. Record the form (PRS-P, PRS-C, PRS-A), items answered of the scale total and the observed range. Studies without the BASC-2: unavailable, pointing to beh_hyper_sdq_* or beh_atten_cbcl_parent."
"beh_atten_basc2","Behaviour: Attention - Behavior Assessment System for Children-2 Attention subscale","Raw score on the BASC-2 Parent Rating Scales Attention Problems scale, where higher indicates more attention problems","behaviour","participant","double","","","","","Use NA if not available","FALSE","Raw score, not the T-score. Record the form, items answered of the scale total and the observed range. Studies without the BASC-2: unavailable, pointing to beh_atten_self, beh_atten_cbcl_parent or beh_hyper_sdq_*."
"beh_atten_self","Behaviour: Attention - attention problems scale (self-report)","Total score on the study's self-reported attention or concentration problems scale, where higher indicates more attention problems","behaviour","participant","double","","","","","Use NA if not available","FALSE","Multi-item attention or concentration scale; say in beh_atten_measure whether the sum or mean is mapped. Single items and item subsets of broader instruments are incompatible, named in source_columns, with a pointer to any row that holds them (e.g. beh_hyper_sdq_*)."
"beh_atten_measure","Behaviour: Attention problems measure","Source measure, item count and item scoring behind beh_atten_self","behaviour","study","character","","","","","Should not be missing where beh_atten_self is non-missing; NA in waves or country-cycles where the scale was not administered; 'Unknown' only when a score exists but its instrument cannot be identified","FALSE","'<instrument>, <k> of <K> items, <a>-<b> item scoring (range <min>-<max>), <sum|mean>', then the reverse-scored items (or 'supplied already keyed') and any change of response format or recall period from the published form. Status inferred."
"beh_selfreg_htks","Behaviour: Self-regulation - Head-Toes-Knees-Shoulders","Total score on the Head-Toes-Knees-Shoulders task (direct assessment), where higher indicates better behavioural self-regulation","behaviour","participant","double","","","","","Use NA if not available","FALSE","Sum of item scores (0 incorrect, 1 self-corrected, 2 correct). Record the item count and total range (e.g. 30 items, 0-60)."
"beh_bullied","Behaviour: Bullying - Engaged in bullying other students","Binary where TRUE means the participant reports bullying other students during the study's recall period","behaviour","participant","character","","TRUE|FALSE","","","Use NA if not available","FALSE","Bullying other students, in person or in a mode the item leaves open; where the study asks the mode, use the in-person answer. Online-only items go to beh_bullied_online. Compatible: a global bullying item or a multi-type perpetration checklist. Partial: hurtful acts not framed as bullying, a target wider than peers, or parent report. Truth-rated items (SDQ item 12, CBCL) are incompatible; name the item."
"beh_beenbullied","Behaviour: Bullying - Bullied by other students","Binary where TRUE means the participant reports being bullied by other students during the study's recall period","behaviour","participant","character","","TRUE|FALSE","","","Use NA if not available","FALSE","Compatible: a global bullying item, or any item of a multi-type peer-victimisation checklist (hit, threatened, teased, left out, rumours, belongings taken or damaged, extortion). Online-only items go to beh_beenbullied_online and stay out of the checklist; where the study asks the mode, use the in-person answer. Partial: hurtful acts not framed as bullying, any perpetrator rather than peers, or parent report. Truth-rated items (SDQ item 19, CBCL) are incompatible; name the item."
"beh_beenbullied_online","Behaviour: Bullying - Bullied online by others","Binary where TRUE means the participant reports being bullied online","behaviour","participant","character","","TRUE|FALSE","","","Use NA if not available","FALSE","Online or electronic bullying by anyone; peer-only items are compatible. Compatible: a global cyberbullying item or a multi-type checklist of cyberbullying acts (abuse, rumours, exclusion, exposing personal information, threats, extortion). Partial: an item on one act type, or a single hostile or humiliating experience not framed as bullying."
"beh_bullied_online","Behaviour: Bullying - Bullied others online","Binary where TRUE means the participant reports bullying others online during the study's recall period","behaviour","participant","character","","TRUE|FALSE","","","Use NA if not available","FALSE","Online or electronic bullying of anyone. Compatible: a global item or a multi-type checklist of cyberbullying acts. Partial: an item on one act type, or hostile acts not framed as bullying."
"beh_fight","Behaviour: Fighting - Engaged in fighting","Binary where TRUE means the participant reports being in a physical fight during the study's recall period","behaviour","participant","character","","TRUE|FALSE","","","Use NA if not available","FALSE","Partial: an item limited to one setting (school property; school or work) or form (group fights), or one counting any push or hit. Truth-rated items ('I fight a lot', SDQ 12, CBCL 'gets in many fights') are incompatible."
"beh_truancy","Behaviour: Truancy - Missed school without permission","Binary where TRUE means the participant reports missing school without permission during the study's recall period","behaviour","participant","character","","TRUE|FALSE","","","Use NA if not available","FALSE","Unexcused absence from school or classes (truancy, skipping, cutting), whole or part days; whole-day-only items are compatible. Absence through illness or with permission does not count. TRUE for any occurrence; record the recall period. NA for respondents not enrolled in school."
"beh_stealing","Behaviour: Stealing - Took money or property without permission","Binary where TRUE means the participant reports stealing money or property during the study's recall period","behaviour","participant","character","","TRUE|FALSE","","","Use NA if not available","FALSE","Theft of money or property: shoplifting; theft from a person, home, school or vehicle; vehicle theft; burglary; card use without permission. Shoplifting only: partial. Not here: extortion (bullying rows), fare evasion, driving without permission, steal-or-damage items, truth-rated SDQ items. TRUE at any occurrence; record each wave's items and recall period."
"beh_vandalism","Behaviour: Vandalism - Deliberately damaged property","Binary where TRUE means the participant reports deliberately damaging or destroying property that was not theirs during the study's recall period","behaviour","participant","character","","TRUE|FALSE","","","Use NA if not available","FALSE","Deliberate damage to others' property: breaking, graffiti, setting fire to property. One setting only (school property): partial. Not here: fire-setting with no property named, neighbourhood vandalism. TRUE at any occurrence; record each wave's items and recall period."
"beh_alcohol_self","Behaviour: Alcohol use (self-report)","Binary where TRUE means the participant reports drinking alcohol during the study's recall period","behaviour","participant","character","","TRUE|FALSE","","","Use NA if not available","FALSE","Any drinking; items on drunkenness or binge drinking only are partial. TRUE for any occurrence; record the recall period (past 30 days preferred). Lifetime items are partial."
"beh_tobacco_self","Behaviour: Tobacco use (self-report)","Binary where TRUE means the participant reports smoking tobacco during the study's recall period","behaviour","participant","character","","TRUE|FALSE","","","Use NA if not available","FALSE","Cigarettes or other smoked tobacco. Items on e-cigarettes or vaping alone are incompatible; items pooling them with tobacco are partial. TRUE for any occurrence; record the recall period. Lifetime items are partial."
"beh_cannabis_self","Behaviour: Cannabis use (self-report)","Binary where TRUE means the participant reports using cannabis during the study's recall period","behaviour","participant","character","","TRUE|FALSE","","","Use NA if not available","FALSE","TRUE for any occurrence; record the recall period. Lifetime items are partial; items pooling cannabis with other drugs are partial."
"beh_conduct_sdq_parent","Behaviour: Conduct Problems - Strengths and Difficulties Questionnaire Conduct Problems subscale (parent/carer report)","Subscale score using standard 0-2 item scoring","behaviour","participant","double","","","0","10","Use NA if not available","FALSE","Items 5, 7r, 12, 18, 22 (r = reversed); the 2-4 form's substitutes for items 18 and 22 score the same. Score by the SDQ rule in the harmonisation guide."
"beh_hyper_sdq_parent","Behaviour: Hyperactivity/Inattention - Strengths and Difficulties Questionnaire Hyperactivity subscale (parent/carer report)","Subscale score using standard 0-2 item scoring","behaviour","participant","double","","","0","10","Use NA if not available","FALSE","Items 2, 10, 15, 21r, 25r (r = reversed); the 2-4 form's rewording of item 21 scores the same. Score by the SDQ rule in the harmonisation guide."
"beh_peerprob_sdq_parent","Behaviour: Peer Relationship Problems - Strengths and Difficulties Questionnaire Peer Problems subscale (parent/carer report)","Subscale score using standard 0-2 item scoring","behaviour","participant","double","","","0","10","Use NA if not available","FALSE","Items 6, 11r, 14r, 19, 23 (r = reversed). Score by the SDQ rule in the harmonisation guide."
"beh_prosocial_sdq_parent","Behaviour: Prosocial Behaviour - Strengths and Difficulties Questionnaire Prosocial subscale (parent/carer report)","Subscale score using standard 0-2 item scoring","behaviour","participant","double","","","0","10","Use NA if not available","FALSE","Items 1, 4, 9, 17, 20; none reversed. Score by the SDQ rule in the harmonisation guide."
"beh_aggphys_bpaq_self","Behaviour: Physical Aggression - Buss-Perry Aggression Questionnaire Short Form Physical Aggression subscale (self-report)","Mean item score where higher indicates more aggression","behaviour","participant","double","","","1","5","Use NA if not available","FALSE","Published BPAQ-SF items: 'Given enough provocation, I may hit another person'; 'There are people who pushed me so far that we came to blows'; 'I have threatened people I know'. Mean of all three (1-5, 5 = very like me), else NA."
"beh_aggverb_bpaq_self","Behaviour: Verbal Aggression - Buss-Perry Aggression Questionnaire Short Form Verbal Aggression subscale (self-report)","Mean item score where higher indicates more aggression","behaviour","participant","double","","","1","5","Use NA if not available","FALSE","Published BPAQ-SF items: 'I often find myself disagreeing with people'; 'I can't help getting into arguments when people disagree with me'; 'My friends say that I'm somewhat argumentative'. Mean of all three (1-5, 5 = very like me), else NA."
"beh_agganger_bpaq_self","Behaviour: Anger - Buss-Perry Aggression Questionnaire Short Form Anger subscale (self-report)","Mean item score where higher indicates more aggression","behaviour","participant","double","","","1","5","Use NA if not available","FALSE","Published BPAQ-SF items: 'Sometimes I fly off the handle for no good reason'; 'I have trouble controlling my temper'; 'I sometimes feel like a powder keg ready to explode'. Mean of all three (1-5, 5 = very like me), else NA."
"beh_agghostility_bpaq_self","Behaviour: Hostility - Buss-Perry Aggression Questionnaire Short Form Hostility subscale (self-report)","Mean item score where higher indicates more aggression","behaviour","participant","double","","","1","5","Use NA if not available","FALSE","Published BPAQ-SF items: 'At times I feel I have gotten a raw deal out of life'; 'Other people always seem to get the breaks'; 'I wonder why sometimes I feel so bitter about things'. Mean of all three (1-5, 5 = very like me), else NA."
"beh_agg_self","Behaviour: Aggression - aggression scale (self-report)","Total score on the study's self-reported aggression scale, where higher indicates more aggression","behaviour","participant","double","","","","","Use NA if not available","FALSE","Multi-item aggression scale without BPAQ subscales; say in beh_agg_measure whether the sum or mean is mapped. Single items and item subsets of broader instruments are incompatible, named in source_columns, with a pointer to any row that holds them (BPAQ rows, beh_fight, beh_conduct_sdq_self)."
"beh_agg_measure","Behaviour: Aggression measure","Source measure, item count and item scoring behind beh_agg_self","behaviour","study","character","","","","","Should not be missing where beh_agg_self is non-missing; NA in waves or country-cycles where the scale was not administered; 'Unknown' only when a score exists but its instrument cannot be identified","FALSE","'<instrument>, <k> of <K> items, <a>-<b> item scoring (range <min>-<max>), <sum|mean>', then the reverse-scored items (or 'supplied already keyed') and any change of response format or recall period from the published form. Status inferred."
"beh_argues","Behaviour: Argues too much","How often the child argues too much","behaviour","participant","character","","Always|Usually|Sometimes|Never","","","Use NA if not available","FALSE","Agreement- or truth-rated items ('I often argue with other kids', CBCL 'argues a lot'), items on a triggered behaviour ('argues when denied own way') and quarrels with one parent are incompatible."
"beh_persistence_finishwork","Behaviour: Persistence - works to finish tasks started","How often the child works to finish the tasks they start","behaviour","participant","character","","Always|Usually|Sometimes|Never","","","Use NA if not available","FALSE","Truth-rated items (SDQ 25, CBCL) and general attention or self-efficacy items are incompatible. Frequency-rated scale items (e.g. BASC-2) may map as proximate when the content matches."
"beh_emotreg_stayscalm","Behaviour: Emotion regulation - stays calm when challenged","How often the child stays calm and in control when faced with a challenge","behaviour","participant","character","","Always|Usually|Sometimes|Never","","","Use NA if not available","FALSE","Problem-worded items (temper, tantrums, frustration, being soothed) are incompatible."
"beh_peerprob_makefriends","Behaviour: Peer Relationship Problems - difficulty making or keeping friends","How much difficulty the child has making or keeping friends, compared with others their age","behaviour","participant","character","","No difficulty|A little difficulty|A lot of difficulty","","","Use NA if not available","FALSE","Ease or frequency items map as proximate, with the extreme difficulty levels (very hard; often or always) as A lot of difficulty. Friend counts and truth-rated items (SDQ 11 and 14, CBCL) are incompatible."
"beh_conduct_diagnosed","Behaviour: Conduct Problems - diagnosed","Whether a health professional has ever told the respondent the child has behavioural or conduct problems, and whether the child currently has them","behaviour","participant","character","","Never diagnosed|Previously diagnosed|Currently diagnosed","","","Use NA if not available","FALSE","Never = never told; Previously = told, not current; Currently = told and current. Treatment or medication as proxy for current: partial. Not a symptom score; never pool with scale scores. Record the informant."
"beh_conduct_diagnosed_severity","Behaviour: Conduct Problems - diagnosed severity","Respondent-rated severity of the child's current behavioural or conduct problems","behaviour","participant","character","","Mild|Moderate|Severe","","","Use NA if not available","FALSE","Use NA where the child is not currently diagnosed; pairs with beh_conduct_diagnosed"
"beh_conduct_sdq_self","Behaviour: Conduct Problems - Strengths and Difficulties Questionnaire Conduct Problems subscale (self-report)","Subscale score using standard 0-2 item scoring","behaviour","participant","double","","","0","10","Use NA if not available","FALSE","Items 5, 7r, 12, 18, 22 (r = reversed); the 2-4 form's substitutes for items 18 and 22 score the same. Score by the SDQ rule in the harmonisation guide. Map every age administered; record the age range and under-11 share."
"beh_hyper_sdq_self","Behaviour: Hyperactivity/Inattention - Strengths and Difficulties Questionnaire Hyperactivity subscale (self-report)","Subscale score using standard 0-2 item scoring","behaviour","participant","double","","","0","10","Use NA if not available","FALSE","Items 2, 10, 15, 21r, 25r (r = reversed); the 2-4 form's rewording of item 21 scores the same. Score by the SDQ rule in the harmonisation guide. Map every age administered; record the age range and under-11 share."
"beh_peerprob_sdq_self","Behaviour: Peer Relationship Problems - Strengths and Difficulties Questionnaire Peer Problems subscale (self-report)","Subscale score using standard 0-2 item scoring","behaviour","participant","double","","","0","10","Use NA if not available","FALSE","Items 6, 11r, 14r, 19, 23 (r = reversed). Score by the SDQ rule in the harmonisation guide. Map every age administered; record the age range and under-11 share."
"beh_prosocial_sdq_self","Behaviour: Prosocial Behaviour - Strengths and Difficulties Questionnaire Prosocial subscale (self-report)","Subscale score using standard 0-2 item scoring","behaviour","participant","double","","","0","10","Use NA if not available","FALSE","Items 1, 4, 9, 17, 20; none reversed. Score by the SDQ rule in the harmonisation guide. Map every age administered; record the age range and under-11 share. Online-only prosocial scales go to beh_prosocial_online_self; this row is then unavailable with a pointer."
"beh_conduct_sdq_teacher","Behaviour: Conduct Problems - Strengths and Difficulties Questionnaire Conduct Problems subscale (teacher report)","Subscale score using standard 0-2 item scoring","behaviour","participant","double","","","0","10","Use NA if not available","FALSE","Items 5, 7r, 12, 18, 22 (r = reversed); the 2-4 form's substitutes for items 18 and 22 score the same. Score by the SDQ rule in the harmonisation guide."
"beh_hyper_sdq_teacher","Behaviour: Hyperactivity/Inattention - Strengths and Difficulties Questionnaire Hyperactivity subscale (teacher report)","Subscale score using standard 0-2 item scoring","behaviour","participant","double","","","0","10","Use NA if not available","FALSE","Items 2, 10, 15, 21r, 25r (r = reversed); the 2-4 form's rewording of item 21 scores the same. Score by the SDQ rule in the harmonisation guide."
"beh_peerprob_sdq_teacher","Behaviour: Peer Relationship Problems - Strengths and Difficulties Questionnaire Peer Problems subscale (teacher report)","Subscale score using standard 0-2 item scoring","behaviour","participant","double","","","0","10","Use NA if not available","FALSE","Items 6, 11r, 14r, 19, 23 (r = reversed). Score by the SDQ rule in the harmonisation guide."
"beh_prosocial_sdq_teacher","Behaviour: Prosocial Behaviour - Strengths and Difficulties Questionnaire Prosocial subscale (teacher report)","Subscale score using standard 0-2 item scoring","behaviour","participant","double","","","0","10","Use NA if not available","FALSE","Items 1, 4, 9, 17, 20; none reversed. Score by the SDQ rule in the harmonisation guide."
"beh_ext_sdq_parent","Behaviour: Externalising Problems - Strengths and Difficulties Questionnaire externalising score (parent/carer report)","Sum of the conduct problems and hyperactivity/inattention subscales","behaviour","participant","double","","","0","20","Use NA if not available","FALSE","Map only a study-provided composite whose subscales are not released; otherwise unavailable ('Derive at analysis from the subscale rows.'). Incompatible when a component subscale cannot be scored."
"beh_ext_sdq_self","Behaviour: Externalising Problems - Strengths and Difficulties Questionnaire externalising score (self-report)","Sum of the conduct problems and hyperactivity/inattention subscales","behaviour","participant","double","","","0","20","Use NA if not available","FALSE","Map only a study-provided composite whose subscales are not released; otherwise unavailable ('Derive at analysis from the subscale rows.'). Incompatible when a component subscale cannot be scored."
"beh_ext_sdq_teacher","Behaviour: Externalising Problems - Strengths and Difficulties Questionnaire externalising score (teacher report)","Sum of the conduct problems and hyperactivity/inattention subscales","behaviour","participant","double","","","0","20","Use NA if not available","FALSE","Map only a study-provided composite whose subscales are not released; otherwise unavailable ('Derive at analysis from the subscale rows.'). Incompatible when a component subscale cannot be scored."
"beh_agg_cbcl_parent","Behaviour: Aggression - Child Behavior Checklist Aggressive Behavior syndrome scale (parent/carer report)","Mean item score on the aggressive behaviour items, using standard 0-2 item scoring, where higher indicates more aggression","behaviour","participant","double","","","0","2","Use NA if not available","FALSE","Aggressive Behavior scale (published totals: CBCL/1.5-5 19 items, CBCL/4-18 20, CBCL/6-18 18). Score by the CBCL rule in the harmonisation guide; record the form and items administered in beh_cbcl_measure. Never pool with beh_agg_self."
"beh_atten_cbcl_parent","Behaviour: Attention - Child Behavior Checklist Attention Problems syndrome scale (parent/carer report)","Mean item score on the attention problems items, using standard 0-2 item scoring, where higher indicates more attention problems","behaviour","participant","double","","","0","2","Use NA if not available","FALSE","Attention Problems scale (published totals: CBCL/1.5-5 5 items, CBCL/4-18 11, CBCL/6-18 10). Score by the CBCL rule in the harmonisation guide; record the form and items administered in beh_cbcl_measure. Never pool with beh_atten_self."
"beh_rulebreak_cbcl_parent","Behaviour: Conduct Problems - Child Behavior Checklist Rule-Breaking Behavior syndrome scale (parent/carer report)","Mean item score on the rule-breaking behaviour items, using standard 0-2 item scoring, where higher indicates more conduct problems","behaviour","participant","double","","","0","2","Use NA if not available","FALSE","Rule-Breaking Behavior (CBCL/6-18, 17 items) or Delinquent Behavior (CBCL/4-18, 13 items); CBCL/1.5-5 has no such scale. Score by the CBCL rule in the harmonisation guide; record the form in beh_cbcl_measure."
"beh_ext_cbcl_parent","Behaviour: Externalising Problems - Child Behavior Checklist externalising score (parent/carer report)","Mean item score (0-2) across the form's Externalizing items (Aggressive + Rule-Breaking; Aggressive + Attention Problems on CBCL/1.5-5), where higher indicates more externalising problems","behaviour","participant","double","","","0","2","Use NA if not available","FALSE","Mean of answered items over the union of both component scales (an item on both counts once); NA unless each component was administered and has at least 80% of its administered items answered. Record the form and item counts in beh_cbcl_measure. Never pool with beh_ext_sdq_parent."
"beh_cbcl_measure","Behaviour: Child Behavior Checklist measure","Source CBCL form, item counts and item scoring behind the CBCL parent-report scores","behaviour","study","character","","","","","Should not be missing when any beh_*_cbcl_parent or mh_*_cbcl_parent variable is available - using 'Unknown' as required","FALSE","Name the form, the items administered of the published total for each mapped scale, the item scoring and the missing-item rule; give one value per wave where forms differ. E.g. 'CBCL/6-18; aggressive 11 of 18, rule-breaking 9 of 17; 1-3 recoded to 0-2; mean of answered items, NA below 80%'."
"beh_prosocial_online_self","Behaviour: Prosocial Behaviour - online prosocial behaviour (self-report)","Total score for prosocial acts the participant performed towards others online or through electronic media, where higher indicates more frequent online prosocial behaviour","behaviour","participant","double","","","","","Use NA if not available","FALSE","Multi-item scale of prosocial acts the participant performed online (e.g. Online Prosocial Behaviour Scale); acts received from others do not map. Never pool with beh_prosocial_sdq_*. Record the measure in beh_prosocial_online_measure."
"beh_prosocial_online_measure","Behaviour: Online prosocial behaviour measure","Source measure, item count and item scoring behind beh_prosocial_online_self","behaviour","study","character","","","","","Should not be missing where beh_prosocial_online_self is non-missing; NA in waves or country-cycles where the scale was not administered; 'Unknown' only when a score exists but its instrument cannot be identified","FALSE","'<instrument>, <subscale>, <k> of <K> items, <a>-<b> item scoring (range <min>-<max>), <sum|mean>, <recall period>'. Status inferred."
"beh_problematicuse_self","Behaviour: Problematic screen use (self-report)","Total score on the study's scale of problematic, compulsive or dependent use of smartphones, the internet, games or social media, where higher indicates more problematic use","behaviour","participant","double","","","","","Use NA if not available","FALSE","Generic row for multi-item scales of smartphone, internet, gaming or social-media addiction or dependence. Record the instrument, target and scoring in beh_problematicuse_measure; standardise within dataset. Single items are incompatible; time spent belongs in the st_* rows. Where the better item set misses waves, a weaker set fills them (partial, waves in notes)."
"beh_problematicuse_measure","Behaviour: Problematic screen use measure","Source measure, target, item count and item scoring behind beh_problematicuse_self","behaviour","study","character","","","","","Should not be missing where beh_problematicuse_self is non-missing; NA in waves where the scale was not administered; 'Unknown' only when a score exists but its instrument cannot be identified","FALSE","'<instrument> (<smartphone|internet|gaming|social media>), <k> of <K> items, <a>-<b> item scoring (range <min>-<max>), <sum|mean>', then the reverse-scored items. Status inferred."
"cog_execfunc_basc2","Cognition: Executive Functioning - Behavior Assessment System for Children-2 Executive Functioning subscale","T-score (mean 50, SD 10) on the BASC-2 parent-rated Executive Functioning content scale","cognition","participant","double","","","","","Use NA if not available","FALSE","Higher = more problems. A study raw total maps only as partial, after checking its keying against the published BASC-2 key; rescore from items if positively keyed items are summed unreversed. Record the form (PRS-P, PRS-C, PRS-A), item count and missing-item rule. The BRIEF goes to cog_execfunc_brief_parent."
"cog_langexec_nepsy","Cognition: Comprehension of Instructions - NEPSY","Scaled score (mean 10, SD 3) on the NEPSY-II or NEPSY Comprehension of Instructions subtest","cognition","participant","double","","","1","19","Use NA if not available","FALSE",""
"cog_phono_nepsy","Cognition: Phonological Processing - NEPSY","Scaled score (mean 10, SD 3) on the NEPSY-II or NEPSY Phonological Processing subtest","cognition","participant","double","","","1","19","Use NA if not available","FALSE",""
"cog_inhibcont_nepsy","Cognition: Inhibitory Control - NEPSY Statue","Scaled score (mean 10, SD 3) on the NEPSY-II or NEPSY Statue subtest","cognition","participant","double","","","1","19","Use NA if not available","FALSE","Statue only; the NEPSY-II Inhibition subtest does not map here."
"cog_vismotor_nepsy","Cognition: Visuomotor Precision - NEPSY","Scaled score (mean 10, SD 3) on the NEPSY-II or NEPSY Visuomotor Precision subtest (NEPSY-II: the combined time-and-errors scaled score)","cognition","participant","double","","","1","19","Use NA if not available","FALSE",""
"cog_verbalfluency_nepsy","Cognition: Word Generation - NEPSY","Semantic scaled score (mean 10, SD 3) on the NEPSY-II Word Generation subtest (NEPSY: Verbal Fluency)","cognition","participant","double","","","1","19","Use NA if not available","FALSE",""
"cog_inhib_nihtb_flanker","Cognition: Inhibitory Control and Attention - NIH Toolbox Flanker Task","Age-corrected standard score on the NIH Toolbox Flanker Inhibitory Control and Attention Test","cognition","participant","double","","","","","Use NA if not available","FALSE","Fallback: the other (un)corrected standard score, as partial, recording the form. Never the fully corrected T-score or raw or theta scores."
"cog_flex_nihtb_dccs","Cognition: Cognitive Flexibility - NIH Toolbox Dimensional Change Card Sort","Age-corrected standard score on the NIH Toolbox Dimensional Change Card Sort Test","cognition","participant","double","","","","","Use NA if not available","FALSE","Fallback: the other (un)corrected standard score, as partial, recording the form. Never the fully corrected T-score or raw or theta scores."
"cog_wm_nihtb_listsort","Cognition: Working Memory - NIH Toolbox List Sorting","Age-corrected standard score on the NIH Toolbox List Sorting Working Memory Test","cognition","participant","double","","","","","Use NA if not available","FALSE","Fallback: the other (un)corrected standard score, as partial, recording the form. Never the fully corrected T-score or raw or theta scores."
"cog_speed_nihtb_pattern","Cognition: Processing Speed - NIH Toolbox Pattern Comparison","Age-corrected standard score on the NIH Toolbox Pattern Comparison Processing Speed Test","cognition","participant","double","","","","","Use NA if not available","FALSE","Fallback: the other (un)corrected standard score, as partial, recording the form. Never the fully corrected T-score or raw or theta scores."
"cog_epimem_nihtb_picseq","Cognition: Episodic Memory - NIH Toolbox Picture Sequence Memory","Age-corrected standard score on the NIH Toolbox Picture Sequence Memory Test","cognition","participant","double","","","","","Use NA if not available","FALSE","Fallback: the other (un)corrected standard score, as partial, recording the form. Never the fully corrected T-score or raw or theta scores."
"cog_vocab_nihtb_picvocab","Cognition: Receptive Vocabulary - NIH Toolbox Picture Vocabulary","Age-corrected standard score on the NIH Toolbox Picture Vocabulary Test","cognition","participant","double","","","","","Use NA if not available","FALSE","Fallback: the other (un)corrected standard score, as partial, recording the form. Never the fully corrected T-score or raw or theta scores."
"cog_fluidcomp_nihtb","Cognition: Fluid Cognition Composite - NIH Toolbox","Age-corrected standard score on the NIH Toolbox Fluid Cognition Composite","cognition","participant","double","","","","","Use NA if not available","FALSE","Fallback: the other (un)corrected standard score, as partial, recording the form. Never the fully corrected T-score or raw or theta scores. Use the study-provided composite; never compute it from subtests."
"cog_crystcomp_nihtb","Cognition: Crystallised Cognition Composite - NIH Toolbox","Age-corrected standard score on the NIH Toolbox Crystallized Cognition Composite","cognition","participant","double","","","","","Use NA if not available","FALSE","Fallback: the other (un)corrected standard score, as partial, recording the form. Never the fully corrected T-score or raw or theta scores. Use the study-provided composite; never compute it from subtests."
"cog_totalcomp_nihtb","Cognition: Total Cognition Composite - NIH Toolbox","Age-corrected standard score on the NIH Toolbox Cognition Total Composite","cognition","participant","double","","","","","Use NA if not available","FALSE","Fallback: the other (un)corrected standard score, as partial, recording the form. Never the fully corrected T-score or raw or theta scores. Use the study-provided composite; never compute it from subtests."
"cog_wm_digitspan","Cognition: Working Memory - Digit Span","Digit Span total scaled score (mean 10, SD 3) from a standardised battery (e.g. WISC-IV forward + backward; WISC-V adds sequencing)","cognition","participant","double","","","1","19","Use NA if not available","FALSE","Record the battery. Raw totals or single-direction spans only when no scaled total is released, as partial. Corsi, CANTAB Spatial Working Memory and NIH Toolbox List Sorting do not map here."
"cog_iq_fullscale","Cognition: General Cognitive Ability - Full-scale IQ","Full-scale IQ standard score (mean 100, SD 15) from any standardised battery","cognition","participant","double","","","40","160","Use NA if not available","FALSE","A battery's full-scale composite (e.g. FSIQ, GCA); abbreviated-battery IQs (e.g. WASI FSIQ-2) as partial. Record the battery and subtest count. Single subtests, BAS II subtests and short item sets (e.g. a few Raven's items) do not map."
"cog_vocab_bpvs","Cognition: Receptive Vocabulary - British Picture Vocabulary Scale","Standard score (mean 100, SD 15) on the British Picture Vocabulary Scale (BPVS II or 3)","cognition","participant","double","","","","","Use NA if not available","FALSE","PPVT and TVIP go to cog_vocab_ppvt; BAS Naming Vocabulary to cog_vocab_bas_naming; other vocabulary tests do not map. Raw score only if no standard score, as partial; record the edition."
"cog_vocab_ppvt","Cognition: Receptive Vocabulary - Peabody Picture Vocabulary Test","Standard score on the PPVT (population mean 100, standard deviation 15)","cognition","participant","double","","","20","160","Use NA if not available","FALSE","Child's PPVT-III/4/5 standard score; for children tested in Spanish, the TVIP standard score (PPVT first where both exist). Record the version and test language. Scores from tests the caregiver took do not map. Raw scores only if no standard score, as partial. BPVS goes to cog_vocab_bpvs."
"cog_execfunc_brief_parent","Cognition: Executive Functioning - Behavior Rating Inventory of Executive Function Global Executive Composite (parent/carer report)","T-score on the BRIEF Global Executive Composite","cognition","participant","double","","","","","Use NA if not available","FALSE","Parent-report GEC T-score from the BRIEF, BRIEF2 or BRIEF-P; record the version. Higher = more problems. Other EF rating scales do not map here (BASC-2 goes to cog_execfunc_basc2)."
"cog_vocab_bas_naming","Cognition: Expressive Vocabulary - British Ability Scales Naming Vocabulary","T-score (mean 50, SD 10) on the BAS II Naming Vocabulary subtest","cognition","participant","double","","","20","80","Use NA if not available","FALSE","Expressive vocabulary; receptive tests go to cog_vocab_bpvs or cog_vocab_ppvt."
"cog_nonverbalreason_bas_picsim","Cognition: Nonverbal Reasoning - British Ability Scales Picture Similarities","T-score (mean 50, SD 10) on the BAS II Picture Similarities subtest","cognition","participant","double","","","20","80","Use NA if not available","FALSE","Raven's-type matrices do not map here."
"cog_spatial_bas_pattern","Cognition: Spatial Ability - British Ability Scales Pattern Construction","T-score (mean 50, SD 10) on the BAS II Pattern Construction subtest","cognition","participant","double","","","20","80","Use NA if not available","FALSE","Wechsler Block Design does not map here."
"cog_verbalreason_bas_versim","Cognition: Verbal Reasoning - British Ability Scales Verbal Similarities","T-score (mean 50, SD 10) on the BAS II Verbal Similarities subtest","cognition","participant","double","","","20","80","Use NA if not available","FALSE","Verbal reasoning, not vocabulary; BAS Word Definitions does not map here."
"cog_schoolread_bracken","Cognition: School Readiness - Bracken School Readiness Assessment","Standard score (mean 100, SD 15) on the Bracken School Readiness Composite","cognition","participant","double","","","","","Use NA if not available","FALSE","Raw composite only if no standard score, as partial; percentile and percent-mastery forms do not map."
"cog_creativethinking_stdtest","Cognition: Creative thinking - standardised assessment","Student performance on a standardised creative thinking assessment","cognition","participant","double","","","","","Use NA if not available","FALSE","Performance tests only; self-rated creativity scales do not map. Plausible values: PV1. Record the assessment and scale."
"mh_anx_basc2","Mental Health: Anxiety - Behavior Assessment System for Children-2 Anxiety subscale","Raw score on the BASC-2 Parent Rating Scales Anxiety scale, where higher indicates more anxiety","mental_health","participant","double","","","","","Use NA if not available","FALSE","PRS-P, PRS-C or PRS-A raw score, not the T-score. Record the form level and items answered. Teacher (TRS) and self-report (SRP) forms do not map here."
"mh_dep_basc2","Mental Health: Depression - Behavior Assessment System for Children-2 Depression subscale","Raw score on the BASC-2 Parent Rating Scales Depression scale, where higher indicates more depressive symptoms","mental_health","participant","double","","","","","Use NA if not available","FALSE","PRS-P, PRS-C or PRS-A raw score, not the T-score. Record the form level and items answered. Teacher (TRS) and self-report (SRP) forms do not map here."
"mh_emotsymp_sdq_parent","Mental Health: Emotional Symptoms - Strengths and Difficulties Questionnaire Emotional Symptoms subscale (parent/carer report)","Subscale score using standard 0-2 item scoring","mental_health","participant","double","","","0","10","Use NA if not available","FALSE","Items 3, 8, 13, 16, 24; none reversed. Score by the SDQ rule in the harmonisation guide."
"mh_totaldiff_sdq_parent","Mental Health: Total Difficulties - Strengths and Difficulties Questionnaire total difficulties score (parent/carer report)","Sum of the emotional symptoms, conduct problems, hyperactivity/inattention, and peer problems subscales","mental_health","participant","double","","","0","40","Use NA if not available","FALSE","Sum of the four difficulty subscales, scored only when all four are scored; incompatible if a subscale's items were not administered."
"mh_anx_diagnosed","Mental Health: Anxiety - diagnosed","Whether a health professional has ever told the respondent the child has anxiety problems, and whether the child currently has them","mental_health","participant","character","","Never diagnosed|Previously diagnosed|Currently diagnosed","","","Use NA if not available","FALSE","Never = never told; Previously = told, not current; Currently = told and current. A combined depression-or-anxiety item goes to mh_depanx_diagnosed; this row is then incompatible (name the item). Treatment or medication as proxy for current: partial. Not a symptom score; never pool with scale scores. Record the informant."
"mh_anx_diagnosed_severity","Mental Health: Anxiety - diagnosed severity","Respondent-rated severity of the child's current anxiety","mental_health","participant","character","","Mild|Moderate|Severe","","","Use NA if not available","FALSE","Use NA where the child is not currently diagnosed; pairs with mh_anx_diagnosed"
"mh_dep_diagnosed","Mental Health: Depression - diagnosed","Whether a health professional has ever told the respondent the child has depression, and whether the child currently has it","mental_health","participant","character","","Never diagnosed|Previously diagnosed|Currently diagnosed","","","Use NA if not available","FALSE","Never = never told; Previously = told, not current; Currently = told and current. A combined depression-or-anxiety item goes to mh_depanx_diagnosed; this row is then incompatible (name the item). Treatment or medication as proxy for current: partial. Not a symptom score; never pool with scale scores. Record the informant."
"mh_dep_diagnosed_severity","Mental Health: Depression - diagnosed severity","Respondent-rated severity of the child's current depression","mental_health","participant","character","","Mild|Moderate|Severe","","","Use NA if not available","FALSE","Use NA where the child is not currently diagnosed; pairs with mh_dep_diagnosed"
"mh_emotsymp_sdq_self","Mental Health: Emotional Symptoms - Strengths and Difficulties Questionnaire Emotional Symptoms subscale (self-report)","Subscale score using standard 0-2 item scoring","mental_health","participant","double","","","0","10","Use NA if not available","FALSE","Items 3, 8, 13, 16, 24; none reversed. Score by the SDQ rule in the harmonisation guide. Map every age administered; record the age range and under-11 share."
"mh_emotsymp_sdq_teacher","Mental Health: Emotional Symptoms - Strengths and Difficulties Questionnaire Emotional Symptoms subscale (teacher report)","Subscale score using standard 0-2 item scoring","mental_health","participant","double","","","0","10","Use NA if not available","FALSE","Items 3, 8, 13, 16, 24; none reversed. Score by the SDQ rule in the harmonisation guide."
"mh_totaldiff_sdq_self","Mental Health: Total Difficulties - Strengths and Difficulties Questionnaire total difficulties score (self-report)","Sum of the emotional symptoms, conduct problems, hyperactivity/inattention, and peer problems subscales","mental_health","participant","double","","","0","40","Use NA if not available","FALSE","Sum of the four difficulty subscales, scored only when all four are scored; incompatible if a subscale's items were not administered. Map every age administered; record the age range and under-11 share."
"mh_totaldiff_sdq_teacher","Mental Health: Total Difficulties - Strengths and Difficulties Questionnaire total difficulties score (teacher report)","Sum of the emotional symptoms, conduct problems, hyperactivity/inattention, and peer problems subscales","mental_health","participant","double","","","0","40","Use NA if not available","FALSE","Sum of the four difficulty subscales, scored only when all four are scored; incompatible if a subscale's items were not administered."
"mh_int_sdq_parent","Mental Health: Internalising Problems - Strengths and Difficulties Questionnaire internalising score (parent/carer report)","Sum of the emotional symptoms and peer problems subscales","mental_health","participant","double","","","0","20","Use NA if not available","FALSE","Map only a study-provided composite whose subscales are not released; otherwise unavailable ('Derive at analysis from the subscale rows.'). Incompatible when a component subscale cannot be scored."
"mh_int_sdq_self","Mental Health: Internalising Problems - Strengths and Difficulties Questionnaire internalising score (self-report)","Sum of the emotional symptoms and peer problems subscales","mental_health","participant","double","","","0","20","Use NA if not available","FALSE","Map only a study-provided composite whose subscales are not released; otherwise unavailable ('Derive at analysis from the subscale rows.'). Incompatible when a component subscale cannot be scored."
"mh_int_sdq_teacher","Mental Health: Internalising Problems - Strengths and Difficulties Questionnaire internalising score (teacher report)","Sum of the emotional symptoms and peer problems subscales","mental_health","participant","double","","","0","20","Use NA if not available","FALSE","Map only a study-provided composite whose subscales are not released; otherwise unavailable ('Derive at analysis from the subscale rows.'). Incompatible when a component subscale cannot be scored."
"mh_dep_smfq_self","Mental Health: Depression - Short Mood and Feelings Questionnaire (self-report)","Total score on the 13-item SMFQ using 0-2 item scoring","mental_health","participant","double","","","0","26","Use NA if not available","FALSE","Record any non-standard item scoring in variables.csv"
"mh_dep_smfq_parent","Mental Health: Depression - Short Mood and Feelings Questionnaire (parent/carer report)","Total score on the 13-item SMFQ using 0-2 item scoring","mental_health","participant","double","","","0","26","Use NA if not available","FALSE","Record any non-standard item scoring in variables.csv"
"mh_dep_cdi_self","Mental Health: Depression - Children's Depression Inventory (self-report)","Total score on the full-length CDI (27 items) or CDI 2 (28 items) using 0-2 item scoring","mental_health","participant","double","","","0","56","Use NA if not available","FALSE","Full-length CDI (27 items, 0-54) or CDI 2 (28 items, 0-56); record which. Short forms (CDI-S, CDI 2 short) go to mh_dep_self, and this row is then incompatible."
"mh_dep_cesd_self","Mental Health: Depression - Center for Epidemiologic Studies Depression Scale (self-report)","Total score on the 20-item CES-D using 0-3 item scoring","mental_health","participant","double","","","0","60","Use NA if not available","FALSE","Full 20-item CES-D or CES-DC, or a study composite equated to the 20-item metric (partial). Short forms and item subsets go to mh_dep_self, and this row is then incompatible. Record the version."
"mh_dep_phq9_self","Mental Health: Depression - Patient Health Questionnaire-9 (self-report)","Total score on the PHQ-9 using 0-3 item scoring","mental_health","participant","double","","","0","27","Use NA if not available","FALSE","Covers the adolescent adaptation (PHQ-A); record which version in variables.csv"
"mh_dep_rcads_self","Mental Health: Depression - Revised Child Anxiety and Depression Scale Major Depression subscale (self-report)","Subscale score of the 10 depression items using 0-3 item scoring","mental_health","participant","double","","","0","30","Use NA if not available","FALSE","Raw sum of the 10 Major Depression items (0-30), not T-scores. The RCADS-25 keeps all 10 items and maps here. Other short forms go to mh_dep_self, and this row is then incompatible."
"mh_dep_dass21_self","Mental Health: Depression - Depression Anxiety Stress Scales-21 Depression subscale (self-report)","Subscale sum of 7 items using 0-3 item scoring","mental_health","participant","double","","","0","21","Use NA if not available","FALSE","Record the raw 7-item sum; do not double to DASS-42 equivalents. Suited to older adolescents"
"mh_dep_scl_self","Mental Health: Depression - Symptom Checklist-90-Revision depression subscale (self-report)","Total score on the SCL-90-R depression items, where higher indicates more depressive symptoms","mental_health","participant","double","","","","","Use NA if not available","FALSE","SCL-90-R depression subscale or a short-form adaptation (e.g. the 10-item Korean form). Record the version, item count and item scoring."
"mh_distress_k6_self","Mental Health: Psychological Distress - Kessler 6 (self-report)","Total score using 0-4 item scoring","mental_health","participant","double","","","0","24","Use NA if not available","FALSE","Rescale 1-5 coded items to 0-4. A K6 variant with a substituted item or non-Kessler frequency anchors is partial; record the differences."
"mh_distress_k10_self","Mental Health: Psychological Distress - Kessler 10 (self-report)","Total score using 1-5 item scoring","mental_health","participant","double","","","10","50","Use NA if not available","FALSE","Standard Australian scoring; rescale 0-4 scored versions to 1-5 when mapping"
"mh_anx_masc_self","Mental Health: Anxiety - Multidimensional Anxiety Scale for Children total score (self-report)","Total score on the 39-item MASC using 0-3 item scoring","mental_health","participant","double","","","0","117","Use NA if not available","FALSE","Covers MASC and MASC 2; record which version in variables.csv"
"mh_anx_scas_self","Mental Health: Anxiety - Spence Children's Anxiety Scale total score (self-report)","Total score on the 38 scored SCAS items using 0-3 item scoring","mental_health","participant","double","","","0","114","Use NA if not available","FALSE","Record which version in variables.csv; the preschool form is parent-report and should not be mapped here"
"mh_anx_scas_parent","Mental Health: Anxiety - Spence Children's Anxiety Scale total score (parent/carer report)","Total score on the 38 scored SCAS items using 0-3 item scoring","mental_health","participant","double","","","0","114","Use NA if not available","FALSE","Parent form (SCAS-P) shares the items and scoring of the self-report form; record which version in variables.csv"
"mh_anx_scared_self","Mental Health: Anxiety - Screen for Child Anxiety Related Emotional Disorders total score (self-report)","Total score on the 41-item SCARED using 0-2 item scoring","mental_health","participant","double","","","0","82","Use NA if not available","FALSE","Parent and self-report forms share the same items and scoring"
"mh_anx_scared_parent","Mental Health: Anxiety - Screen for Child Anxiety Related Emotional Disorders total score (parent/carer report)","Total score on the 41-item SCARED using 0-2 item scoring","mental_health","participant","double","","","0","82","Use NA if not available","FALSE","Parent and self-report forms share the same items and scoring"
"mh_anx_gad7_self","Mental Health: Anxiety - Generalised Anxiety Disorder-7 (self-report)","Total score on the GAD-7 using 0-3 item scoring","mental_health","participant","double","","","0","21","Use NA if not available","FALSE","Suited to older adolescents"
"mh_anx_rcads_self","Mental Health: Anxiety - Revised Child Anxiety and Depression Scale Total Anxiety scale (self-report)","Sum of the five RCADS anxiety subscales (37 items) using 0-3 item scoring","mental_health","participant","double","","","0","111","Use NA if not available","FALSE","Raw sum of the five anxiety subscales of the 47-item RCADS, not T-scores. Short forms (e.g. RCADS-25) go to mh_anx_self, and this row is then incompatible."
"mh_anx_dass21_self","Mental Health: Anxiety - Depression Anxiety Stress Scales-21 Anxiety subscale (self-report)","Subscale sum of 7 items using 0-3 item scoring","mental_health","participant","double","","","0","21","Use NA if not available","FALSE","Record the raw 7-item sum; do not double to DASS-42 equivalents. Suited to older adolescents"
"mh_anxdep_cbcl_parent","Mental Health: Anxiety and Depression - Child Behavior Checklist Anxious/Depressed syndrome scale (parent/carer report)","Mean item score on the anxious/depressed items, using standard 0-2 item scoring, where higher indicates more anxious and depressive symptoms","mental_health","participant","double","","","0","2","Use NA if not available","FALSE","Anxious/Depressed scale (published totals: CBCL/1.5-5 8 items, CBCL/4-18 14, CBCL/6-18 13); covers anxiety and depression together. Score by the CBCL rule in the harmonisation guide; record the form and items administered in beh_cbcl_measure."
"mh_int_cbcl_parent","Mental Health: Internalising Problems - Child Behavior Checklist internalising score (parent/carer report)","Mean item score across the internalising syndromes of the administered CBCL form (6-18: anxious/depressed, withdrawn/depressed, somatic complaints; 1.5-5 also emotionally reactive), using standard 0-2 item scoring, where higher indicates more internalising problems","mental_health","participant","double","","","0","2","Use NA if not available","FALSE","Mean of answered items over the union of the component scales, each component gated as for beh_ext_cbcl_parent. Record the components in beh_cbcl_measure. Never pool with mh_int_sdq_parent."
"mh_dep_binary_self","Mental Health: Depression - binary indicator (self-report)","Whether the participant screened positive on a single yes/no depressive-episode screening item over the study's recall period","mental_health","participant","character","","Yes|No","","","Use NA if not available","FALSE","Single yes/no screening items only (e.g. sad or hopeless almost every day for two weeks or more). Scale totals stay in their score rows and are incompatible here, as are mood-frequency items (mh_sad_self, HBSC-SCL); name the item. Not a diagnosis: do not pool with mh_dep_diagnosed. Recall other than 12 months is partial; record the item wording and the recall period."
"mh_dep_self","Mental Health: Depression - depression scale (self-report)","Total score on the study's multi-item self-report depression scale, where higher indicates more depressive symptoms","mental_health","participant","double","","","","","Use NA if not available","FALSE","When a named depression row is mapped, repeat its expression here unchanged. Short, adapted and study-specific forms go here and not to a named row (mh_dep_scl_self also takes SCL-90-R short forms); compatible when mh_dep_measure describes them. Single items go to mh_sad_self or mh_dep_binary_self; this row is then incompatible, naming them."
"mh_dep_measure","Mental Health: Depression measure","Source measure, item count and item scoring behind mh_dep_self","mental_health","study","character","","","","","Should not be missing where mh_dep_self is non-missing; NA in waves or country-cycles where the scale was not administered; 'Unknown' only when a score exists but its instrument cannot be identified","FALSE","'<instrument>, <k> of <K> items, <a>-<b> item scoring (range <min>-<max>), <sum|mean>', then the reverse-scored items and any change of response format or recall period from the published form. Status inferred."
"mh_anx_self","Mental Health: Anxiety - anxiety scale (self-report)","Total score on the study's multi-item self-report anxiety scale, where higher indicates more anxiety","mental_health","participant","double","","","","","Use NA if not available","FALSE","When a named anxiety row is mapped, repeat its expression here unchanged. Short, adapted and study-specific forms go here and not to a named row; compatible when mh_anx_measure describes them. Single items go to their single-item row where one fits (e.g. mh_worry_self); this row is then incompatible, naming them."
"mh_anx_measure","Mental Health: Anxiety measure","Source measure, item count and item scoring behind mh_anx_self","mental_health","study","character","","","","","Should not be missing where mh_anx_self is non-missing; NA in waves or country-cycles where the scale was not administered; 'Unknown' only when a score exists but its instrument cannot be identified","FALSE","'<instrument>, <k> of <K> items, <a>-<b> item scoring (range <min>-<max>)', then the reverse-scored items and any change of response format or recall period from the published form. Status inferred."
"mh_depanx_diagnosed","Mental Health: Depression or anxiety - diagnosed","Whether a health professional has ever told the respondent the child has depression or anxiety, and whether the child currently has them","mental_health","participant","character","","Never diagnosed|Previously diagnosed|Currently diagnosed","","","Use NA if not available","FALSE","One item naming depression and anxiety together maps here, and mh_dep_diagnosed and mh_anx_diagnosed are incompatible; separate items: the reverse. Never = never told; Previously = told, not current; Currently = told and current. Treatment or medication as proxy for current: partial. Not attributed to a health professional: incompatible. Not a symptom score; record the informant."
"mh_stress_self","Mental Health: Perceived stress - self-report","Self-reported amount of stress the participant usually feels, on a single item","mental_health","participant","character","","A great deal|A lot|Some|A little|None at all","","","Use NA if not available","FALSE","Map anchors by wording; a rank-order mapping whose anchors differ from these labels is proximate. Worry frequencies (mh_worry_self), schoolwork-pressure items and pooled distress items (depressed, anxious or stressed) are incompatible here; name the item. Stress scales need a score row. A parent's own stress is unavailable."
"mh_lonely_self","Mental Health: Loneliness - self-report","Self-reported frequency of feeling lonely over the study's recall period","mental_health","participant","character","","Always|Often|Sometimes|Rarely|Never","","","Use NA if not available","FALSE","Direct 'lonely' wording only. Frequency-item rules apply (harmonisation guide). Indirect items (isolated, left out, lack companionship) and intensity or distress ratings of loneliness are incompatible; multi-item scales go to mh_lonely_scale_self."
"mh_lonely_scale_self","Mental Health: Loneliness - loneliness scale (self-report)","Total score on the study's self-reported loneliness scale, where higher indicates more loneliness","mental_health","participant","double","","","","","Use NA if not available","FALSE","Any multi-item loneliness scale (UCLA or a short form, or a study item set). Sum with positively worded items reversed; confirm each reversal against the item-rest correlation, since some sources store these items already reversed. List the items in mh_lonely_measure. Single items go to mh_lonely_self; a study may populate both."
"mh_lonely_measure","Mental Health: Loneliness measure","Source measure, item count and item scoring behind mh_lonely_scale_self","mental_health","study","character","","","","","Should not be missing where mh_lonely_scale_self is non-missing; NA in waves or country-cycles where the scale was not administered; 'Unknown' only when a score exists but its instrument cannot be identified","FALSE","'<instrument>, <k> of <K> items, <a>-<b> item scoring (range <min>-<max>)', then the reverse-scored items and any change of response format or recall period from the published form. Status inferred."
"mh_sad_self","Mental Health: Sadness - self-report","Self-reported frequency of feeling sad over the study's recall period","mental_health","participant","character","","Always|Often|Sometimes|Rarely|Never","","","Use NA if not available","FALSE","Frequency-item rules apply (harmonisation guide). HBSC-SCL 'feeling low' goes to wb_psychcomplaints_feellow and yes/no two-week sad-or-hopeless screens to mh_dep_binary_self; where only such an item exists, mark this row incompatible and name it."
"mh_worry_self","Mental Health: Worry - self-report","Self-reported frequency of feeling very worried over the study's recall period","mental_health","participant","character","","Always|Often|Sometimes|Rarely|Never","","","Use NA if not available","FALSE","Frequency-item rules apply (harmonisation guide). Partial: worry without 'very'; GAD-7 item 3 (GAD-7 crosswalk). Incompatible: single-topic worry (money, tests), sleep lost through worry, 'feeling anxious'. HBSC-SCL 'nervous' goes to wb_psychcomplaints_nervous, stress ratings to mh_stress_self. Record what the worry is about."
"mh_irritable_self","Mental Health: Irritability - self-report","Self-reported frequency of feeling irritable or bad-tempered over the study's recall period","mental_health","participant","character","","Always|Often|Sometimes|Rarely|Never","","","Use NA if not available","FALSE","Frequency-item rules apply (harmonisation guide). Anger or temper-loss items and items pooling irritability with nervousness are partial. GAD-7 item 6 maps here as proximate (GAD-7 crosswalk). HBSC-SCL irritability goes to wb_psychcomplaints_irritable."
"mh_nobodycares_self","Mental Health: Feeling uncared for - self-report","Self-reported frequency of feeling that nobody cares about them over the study's recall period","mental_health","participant","character","","Always|Often|Sometimes|Rarely|Never","","","Use NA if not available","FALSE","Frequency-item rules apply (harmonisation guide). Support-availability items (someone to turn to, someone who shows affection) are incompatible. Loneliness items belong in mh_lonely_self and do not bear on this row."
"mh_lifenotworth_self","Mental Health: Feeling life is not worth living - self-report","Self-reported frequency of feeling that life is not worth living over the study's recall period","mental_health","participant","character","","Always|Often|Sometimes|Rarely|Never","","","Use NA if not available","FALSE","Includes wishing to be dead. Frequency-item rules apply (harmonisation guide). 'Life is meaningless' items are incompatible. Yes/no suicidal-ideation items go to mh_suicide_ideation_self; where only such an item exists, mark this row incompatible and name it. Never pool with scale scores."
"mh_suicide_ideation_self","Mental Health: Suicidal ideation - self-report","Whether the participant seriously considered suicide during the study's recall period","mental_health","participant","character","","Yes|No","","","Use NA if not available","FALSE","Dichotomise counts or frequencies to any vs none. Passive death-wish and self-harm items are not ideation; where only such items exist, mark this row incompatible and name them. Distress ratings of thoughts of ending one's life (symptom checklists) are incompatible. Recall other than 12 months is partial; record the recall period."
"mh_suicide_attempt_self","Mental Health: Suicide attempt - self-report","Whether the participant attempted suicide during the study's recall period","mental_health","participant","character","","Yes|No","","","Use NA if not available","FALSE","Dichotomise counts to any vs none. Where the item was skipped because the ideation item was answered No, code the skip as No; other skips are NA. Self-harm or self-inflicted injury items are incompatible. Recall other than 12 months (e.g. lifetime) is partial; record the recall period."
"mh_selfharm_self","Mental Health: Self-harm - self-report","Whether the participant reports hurting themselves on purpose during the study's recall period","mental_health","participant","character","","Yes|No","","","Use NA if not available","FALSE","Any deliberate self-injury, whatever the intent. Suicide attempts go to mh_suicide_attempt_self; a single item pooling both maps here as partial. Record the recall period; lifetime items are partial."
"mh_psychsom_hbscscl_self","Mental Health: Psychosomatic complaints - HBSC symptom checklist total (self-report)","Total score on the HBSC symptom checklist (HBSC-SCL) frequency items, where higher indicates more frequent complaints","mental_health","participant","double","","","8","40","Use NA if not available","FALSE","Sum of the eight HBSC-SCL items (headache, stomach ache, back ache, feeling low, irritability, nervousness, sleep difficulties, dizziness), each 1 rarely or never to 5 about every day, complete-case; reverse sources coded 1 = about every day. Drop extra items. Fewer than eight: incompatible (map the wb_psychcomplaints_* rows). Other checklists: unavailable."
"mh_psychsom_measure","Mental Health: Psychosomatic complaints measure","Source measure, item count and item scoring behind mh_psychsom_hbscscl_self","mental_health","study","character","","","","","Should not be missing where mh_psychsom_hbscscl_self is non-missing; NA in waves or country-cycles where the scale was not administered; 'Unknown' only when a score exists but its instrument cannot be identified","FALSE","'<instrument>, <k> of <K> items, <a>-<b> item scoring (range <min>-<max>), <recall period>', then any items added or dropped. Status inferred."
"mh_somatic_self","Mental Health: Somatic complaints - symptom scale (self-report)","Total score on the study's somatic or psychosomatic complaints scale, where higher indicates more complaints","mental_health","participant","double","","","","","Use NA if not available","FALSE","Generic row for symptom scales other than the HBSC-SCL, which has its own row (mh_psychsom_hbscscl_self). Record the instrument and scoring in mh_somatic_measure; standardise within dataset."
"mh_somatic_measure","Mental Health: Somatic complaints measure","Source measure, item count and item scoring behind mh_somatic_self","mental_health","study","character","","","","","Should not be missing where mh_somatic_self is non-missing; NA in waves where the scale was not administered; 'Unknown' only when a score exists but its instrument cannot be identified","FALSE","'<instrument>, <k> of <K> items, <a>-<b> item scoring (range <min>-<max>), <sum|mean>', then the reverse-scored items and any change of response format or recall period from the published form. Status inferred."
"wb_emotsc_basc2","Wellbeing: Emotional Self-control - Behavior Assessment System for Children-2 Emotional Self-control subscale","Raw score on the BASC-2 Emotional Self-Control content scale, where higher indicates poorer emotional self-control","wellbeing","participant","double","","","","","Use NA if not available","FALSE","Raw sum of the scale's items as keyed in the BASC-2 manual. Raw scores differ by form: record the form and items answered, and standardise within dataset. Check a study-supplied total against the item key before mapping it."
"wb_mwb_wemwbs","Wellbeing: Mental Wellbeing - Warwick Edinburgh Mental Wellbeing Scale","Total of the 14 WEMWBS items, 1-5 item scoring (range 14-70)","wellbeing","participant","double","","","14","70","Use NA if not available","FALSE","14-item form only, complete-case sum. SWEMWBS goes to wb_mwb_swemwbs_self."
"wb_lifesatisfaction_cantrilladder","Wellbeing: Life Satisfaction - Cantril Ladder","Cantril ladder rung, 0 (worst possible life) to 10 (best possible life)","wellbeing","participant","double","","","0","10","Use NA if not available","FALSE","Ladder wording only. Other life-satisfaction items, including 0-10 satisfaction scales, go to wb_lifesat_singleitem_self."
"wb_resil_basc2","Wellbeing: Resilience - Behavior Assessment System for Children-2 Resilience subscale","Raw score on the BASC-2 Resiliency content scale, where higher indicates greater resilience","wellbeing","participant","double","","","","","Use NA if not available","FALSE","Raw sum as keyed in the BASC-2 manual. Record the form and items answered. Before mapping a study-supplied total, check that every item correlates positively with it; a total that adds problem-worded items unreversed is not this variable."
"wb_psychcomplaints_feellow","Wellbeing: Psychological complaints - Feeling low (HBSC-SCL)","How often the participant felt low in the last 6 months (HBSC symptom checklist item)","wellbeing","participant","character","","About every day|More than once a week|About every week|About every month|Rarely or never","","","Use NA if not available","FALSE","HBSC-SCL 'feeling low' item, or its PISA 2018/2022 well-being adaptation ('feeling depressed'), recoded by label. Sad or low-mood items with other wording or response scales are not mapped here (see mh_sad_self). Named-instrument row: unavailable ('HBSC-SCL not administered; see <row>.') wherever neither version was given, even when a related item is in hand."
"wb_psychcomplaints_irritable","Wellbeing: Psychological complaints - Irritability or bad temper (HBSC-SCL)","How often the participant was irritable or bad-tempered in the last 6 months (HBSC symptom checklist item)","wellbeing","participant","character","","About every day|More than once a week|About every week|About every month|Rarely or never","","","Use NA if not available","FALSE","HBSC-SCL 'irritability or bad temper' item, or the identical PISA 2018/2022 well-being item, recoded by label. Other irritability items are not mapped here (see mh_irritable_self). Named-instrument row: unavailable ('HBSC-SCL not administered; see <row>.') wherever neither version was given, even when a related item is in hand."
"wb_psychcomplaints_nervous","Wellbeing: Psychological complaints - Feeling nervous (HBSC-SCL)","How often the participant felt nervous in the last 6 months (HBSC symptom checklist item)","wellbeing","participant","character","","About every day|More than once a week|About every week|About every month|Rarely or never","","","Use NA if not available","FALSE","HBSC-SCL 'feeling nervous' item, or the identical PISA 2018/2022 well-being item, recoded by label. Items with other wording or response scales are not mapped here. Named-instrument row: unavailable ('HBSC-SCL not administered; see <row>.') wherever neither version was given, even when a related item is in hand."
"wb_psychcomplaints_diffsleep","Wellbeing: Psychological complaints - Difficulty getting to sleep (HBSC-SCL)","How often the participant had difficulty getting to sleep in the last 6 months (HBSC symptom checklist item)","wellbeing","participant","character","","About every day|More than once a week|About every week|About every month|Rarely or never","","","Use NA if not available","FALSE","HBSC-SCL 'difficulty getting to sleep' item, or the identical PISA 2018/2022 well-being item, recoded by label. Sleep duration, sleep latency and nights-per-week items are not mapped here. Named-instrument row: unavailable ('HBSC-SCL not administered; see <row>.') wherever neither version was given, even when a related item is in hand."
"wb_bodyimage","Wellbeing: Body Image - from HBSC","Self-perceived body size, much too thin to much too fat","wellbeing","participant","character","","Much too thin|A bit too thin|About right|A bit too fat|Much too fat","","","Use NA if not available","FALSE","Self-report only. Too-thin/too-fat items map by label; weight-status wording (underweight/overweight) maps by rank and is proximate, and an undegraded 'underweight' maps to A bit too thin. Body or appearance satisfaction goes to wb_domainsat_appearance_self."
"wb_lifesat_slss_self","Wellbeing: Life Satisfaction - Students' Life Satisfaction Scale (self-report)","Total score on the 7-item SLSS using 1-6 item scoring","wellbeing","participant","double","","","7","42","Use NA if not available","FALSE","A non-standard response scale (e.g. 4-point) is partial; record it."
"wb_lifesat_swls_self","Wellbeing: Life Satisfaction - Satisfaction With Life Scale (self-report)","Total score on the 5-item SWLS using 1-7 item scoring","wellbeing","participant","double","","","5","35","Use NA if not available","FALSE","A non-standard response scale (e.g. 4-point) is partial; record it. The 7-item SLSS goes to wb_lifesat_slss_self."
"wb_lifesat_singleitem_self","Wellbeing: Life Satisfaction - single item (self-report)","Score on a single-item life satisfaction question, where higher indicates greater satisfaction","wellbeing","participant","double","","","","","Use NA if not available","FALSE","One general life-satisfaction question other than the Cantril ladder; single happiness ratings go to wb_happiness_singleitem_self. Never use an item scored in a scale mapped on another row for the dataset; an item of an unmapped scale is partial. Where the only such measure is the Cantril ladder or an item of a mapped scale, this row is incompatible; name the item."
"wb_happiness_singleitem_self","Wellbeing: Happiness - single item (self-report)","Score on a single-item happiness rating, where higher indicates greater happiness","wellbeing","participant","double","","","","","Use NA if not available","FALSE","One general happiness question. Reverse scales where the lowest number is the happiest; record the scale points and anchors; standardise within dataset. Life satisfaction goes to wb_lifesat_singleitem_self; items of a scale mapped on another row are not used."
"wb_domainsat_schoolwork_self","Wellbeing: Domain satisfaction - their school work (self-report)","Score on a single item rating the participant's satisfaction or happiness with their school work, where higher indicates greater satisfaction","wellbeing","participant","double","","","","","Use NA if not available","FALSE","Includes what is learned at school. Satisfaction with performance or grades, or with educational experiences as a whole, is partial. Performance or coping ratings without satisfaction anchors are not mapped. NA for respondents enrolled beyond secondary school."
"wb_domainsat_appearance_self","Wellbeing: Domain satisfaction - their appearance (self-report)","Score on a single item rating the participant's satisfaction or happiness with their appearance, where higher indicates greater satisfaction","wellbeing","participant","double","","","","","Use NA if not available","FALSE","Body-satisfaction items are partial. The too-thin/too-fat item goes to wb_bodyimage."
"wb_domainsat_family_self","Wellbeing: Domain satisfaction - their family (self-report)","Score on a single item rating the participant's satisfaction or happiness with their family, where higher indicates greater satisfaction","wellbeing","participant","double","","","","","Use NA if not available","FALSE","Satisfaction with the relationship with parents is partial; where mother and father are asked separately, use the mean of the answered items. Support, parenting-style, fair-treatment and 'fun with' items are incompatible; name the item."
"wb_domainsat_friends_self","Wellbeing: Domain satisfaction - their friends (self-report)","Score on a single item rating the participant's satisfaction or happiness with their friends, where higher indicates greater satisfaction","wellbeing","participant","double","","","","","Use NA if not available","FALSE","Support and 'fun with friends' items are incompatible; name the item."
"wb_domainsat_school_self","Wellbeing: Domain satisfaction - the school they go to (self-report)","Score on a single item rating the participant's satisfaction or happiness with the school they go to, where higher indicates greater satisfaction","wellbeing","participant","double","","","","","Use NA if not available","FALSE","School as a place and school life. Liking, enjoying and happy-at-school items are partial. NA for respondents enrolled beyond secondary school. School work goes to wb_domainsat_schoolwork_self."
"wb_qol_pedsql_self","Wellbeing: Health-related Quality of Life - Pediatric Quality of Life Inventory total score (self-report)","Total scale score transformed to 0-100 where higher indicates better quality of life","wellbeing","participant","double","","","0","100","Use NA if not available","FALSE","Generic Core Scales total: items transformed 0-4 -> 100-0 and averaged over answered items (NA if fewer than half are answered). Record the module and age form."
"wb_qol_pedsql_parent","Wellbeing: Health-related Quality of Life - Pediatric Quality of Life Inventory total score (parent/carer proxy report)","Total scale score transformed to 0-100 where higher indicates better quality of life","wellbeing","participant","double","","","0","100","Use NA if not available","FALSE","Generic Core Scales total: items transformed 0-4 -> 100-0 and averaged over answered items (NA if fewer than half are answered). Record the module and age form."
"wb_qol_kidscreen10_self","Wellbeing: Health-related Quality of Life - KIDSCREEN-10 (self-report)","Sum of the 10 items using 1-5 item scoring","wellbeing","participant","double","","","10","50","Use NA if not available","FALSE","Raw sum with sad and lonely reversed. Recompute from items when the source gives Rasch T-values. Items from a KIDSCREEN-27/52 administration qualify. Non-standard response anchors are partial."
"wb_qol_kidscreen10_parent","Wellbeing: Health-related Quality of Life - KIDSCREEN-10 (parent/carer proxy report)","Sum of the 10 items using 1-5 item scoring","wellbeing","participant","double","","","10","50","Use NA if not available","FALSE","Raw sum of the proxy items with sad and lonely reversed. Recompute, or use the released raw sum, when the source gives Rasch T-values."
"wb_selfesteem_rosenberg_self","Wellbeing: Self-esteem - Rosenberg Self-Esteem Scale (self-report)","Total score on the 10 items using 1-4 item scoring","wellbeing","participant","double","","","10","40","Use NA if not available","FALSE","Full 10-item scale only; subsets go to wb_selfesteem_self, and this row is then incompatible. A non-standard response scale (e.g. 5-point agreement) is partial. Rescale 0-3 scoring to 1-4."
"wb_selfesteem_self","Wellbeing: Self-esteem - total score (self-report, any instrument)","Total self-esteem score as scored by the source study, where higher indicates greater self-esteem","wellbeing","participant","double","","","","","Use NA if not available","FALSE","Any self-esteem scale or item subset. Datasets with the full Rosenberg fill both rows. Score every item asked consistently across waves. Record the measure in wb_selfesteem_measure."
"wb_selfesteem_measure","Wellbeing: Self-esteem Measure Name","Source measure, item count and item scoring behind wb_selfesteem_self","wellbeing","study","character","","","","","Should not be missing where wb_selfesteem_self is non-missing; NA in waves or country-cycles where the scale was not administered; 'Unknown' only when a score exists but its instrument cannot be identified","FALSE","'<instrument>, <k> of <K> items, <a>-<b> item scoring (range <min>-<max>), <sum|mean>', then the reverse-scored items (or 'supplied already keyed') and any change of response format or recall period from the published form. Status inferred."
"wb_selfefficacy_gse_self","Wellbeing: Self-efficacy - General Self-Efficacy Scale (self-report)","Total score on the 10-item GSE using 1-4 item scoring","wellbeing","participant","double","","","10","40","Use NA if not available","FALSE","Full 10-item GSE only; a non-standard response scale is partial. Subsets go to wb_selfefficacy_self, and this row is then incompatible."
"wb_selfefficacy_self","Wellbeing: Self-efficacy - total score (self-report, any instrument)","General self-efficacy total score as scored by the source study, where higher indicates greater self-efficacy","wellbeing","participant","double","","","","","Use NA if not available","FALSE","Any general self-efficacy scale or GSE subset. Datasets with the full GSE fill both rows. Domain-specific (academic, physical activity) efficacy and locus-of-control items are not mapped. Record the measure in wb_selfefficacy_measure."
"wb_selfefficacy_measure","Wellbeing: Self-efficacy Measure Name","Source measure, item count and item scoring behind wb_selfefficacy_self","wellbeing","study","character","","","","","Should not be missing where wb_selfefficacy_self is non-missing; NA in waves or country-cycles where the scale was not administered; 'Unknown' only when a score exists but its instrument cannot be identified","FALSE","'<instrument>, <k> of <K> items, <a>-<b> item scoring (range <min>-<max>), <sum|mean>', then the reverse-scored items (or 'supplied already keyed') and any change of response format or recall period from the published form. Status inferred."
"wb_mwb_who5_self","Wellbeing: Mental Wellbeing - WHO-5 Well-Being Index (self-report)","Raw total score using 0-5 item scoring","wellbeing","participant","double","","","0","25","Use NA if not available","FALSE","Record the raw 0-25 score, not the 0-100 percentage transformation"
"wb_happiness_shs_self","Wellbeing: Subjective Happiness - Subjective Happiness Scale (self-report)","Total score on the 4-item SHS with the fourth item reverse-scored, where higher indicates greater happiness","wellbeing","participant","double","","","4","28","Use NA if not available","FALSE","Standard 1-7 item scoring (range 4-28); a non-standard response scale is partial. Record whether the mapped value is a sum or a mean item score."
"wb_mwb_swemwbs_self","Wellbeing: Mental Wellbeing - Short Warwick-Edinburgh Mental Wellbeing Scale (self-report)","Metric score on the 7-item SWEMWBS","wellbeing","participant","double","","","7","35","Use NA if not available","FALSE","Published metric score. Convert a raw 7-item sum with the published conversion table. The 7 items scored from a WEMWBS-14 administration qualify. Record whether the score was released or converted."
"wb_selfratedhealth_self","Wellbeing: Self-rated general health","Participant's rating of their own general health","wellbeing","participant","character","","Excellent|Very good|Good|Fair|Poor","","","Use NA if not available","FALSE","Self-report only; proxy ratings and ratings relative to peers are not mapped. Four-level excellent/good/fair/poor maps by label, leaving Very good unused. Symmetric five-level scales (very good-very poor, or centred on average) map by rank and are proximate."
"wb_generalhealth_parent","Wellbeing: Parent-rated child general health","Parent or carer's rating of the child's general health","wellbeing","participant","character","","Excellent|Very good|Good|Fair|Poor","","","Use NA if not available","FALSE","Proxy counterpart of wb_selfratedhealth_self; the same recode rules apply."
"wb_posaffect_self","Wellbeing: Positive affect - total score (self-report, any instrument)","Total positive affect score as scored by the source study, where higher indicates more frequent positive feelings","wellbeing","participant","double","","","","","Use NA if not available","FALSE","Published positive-affect scale or subscale (e.g. PISA 2018 positive affect, PANAS-C PA), even if it shares an item with another mapped scale. Single mood items and ad hoc sums of another instrument's items are not mapped. Record the measure in wb_posaffect_measure."
"wb_posaffect_measure","Wellbeing: Positive affect measure","Source measure, item count and item scoring behind wb_posaffect_self","wellbeing","study","character","","","","","Should not be missing where wb_posaffect_self is non-missing; NA in waves or country-cycles where the scale was not administered; 'Unknown' only when a score exists but its instrument cannot be identified","FALSE","'<instrument>, <k> of <K> items, <a>-<b> item scoring (range <min>-<max>), <sum|mean>', then the reverse-scored items (or 'supplied already keyed') and any change of response format or recall period from the published form. Status inferred."
"wb_eudaimonic_self","Wellbeing: Eudaimonic wellbeing - total score (self-report, any instrument)","Total eudaimonic wellbeing score as scored by the source study, where higher indicates greater eudaimonic wellbeing","wellbeing","participant","double","","","","","Use NA if not available","FALSE","Multi-item eudaimonic scale scored as a whole: purpose, meaning, self-realisation, effortful engagement (e.g. QEWB, Flourishing Scale, PISA meaning in life). Single items, grit, EPOCH subscales and parent-rated flourishing are not mapped. Do not pool with WEMWBS, SWEMWBS or WHO-5. Record the measure in wb_eudaimonic_measure."
"wb_eudaimonic_measure","Wellbeing: Eudaimonic wellbeing measure","Source measure, item count and item scoring behind wb_eudaimonic_self","wellbeing","study","character","","","","","Should not be missing where wb_eudaimonic_self is non-missing; NA in waves or country-cycles where the scale was not administered; 'Unknown' only when a score exists but its instrument cannot be identified","FALSE","'<instrument>, <k> of <K> items, <a>-<b> item scoring (range <min>-<max>), <sum|mean>', then the reverse-scored items (or 'supplied already keyed') and any change of response format or recall period from the published form. Status inferred."
"wb_socsupport_family_self","Wellbeing: Perceived support from family (self-report)","Score on the study's scale of perceived social support from family, where higher indicates more support","wellbeing","participant","double","","","","","Use NA if not available","FALSE","Generic row for family-support scales or subscales (e.g. the MSPSS family subscale). Only items on support the child receives or can call on (help, understanding, someone to talk to or confide in). Parenting behaviours, family involvement (talk, meals, interest in schoolwork), parenting-style and monitoring items are incompatible. A published support subscale that mixes in companionship items is partial. Record the instrument and scoring of both support rows in wb_socsupport_measure; standardise within dataset."
"wb_socsupport_friends_self","Wellbeing: Perceived support from friends (self-report)","Score on the study's scale of perceived social support from friends, where higher indicates more support","wellbeing","participant","double","","","","","Use NA if not available","FALSE","Generic row for friend-support scales or subscales (e.g. the MSPSS friends subscale); item scope as wb_socsupport_family_self. Companionship items (time or fun with friends) are not support; a subscale mixing them in is partial. Counts of friends are incompatible."
"wb_socsupport_measure","Wellbeing: Perceived social support measure","Source measure, item counts and item scoring behind wb_socsupport_family_self and wb_socsupport_friends_self","wellbeing","study","character","","","","","Should not be missing where either support score is non-missing; NA in waves where the scales were not administered; 'Unknown' only when a score exists but its instrument cannot be identified","FALSE","'<instrument>; family: <k> items, <a>-<b> item scoring (range <min>-<max>), <sum|mean>; friends: ...'. Status inferred."
"hlth_sleep_wd","Health: Sleep duration on weekdays","Usual sleep duration on school nights or weekdays","health","participant","double","hours","","0","24","Use NA if not available","FALSE","Hours asleep. Time of falling or going to sleep to waking is compatible (unless banded); bedtime or lights-out to waking is partial; never subtract a separate sleep-latency item. An open band takes the bound its label states, or half an hour beyond a neighbouring point label ('less than 6 hours' next to '6 hours' = 5.5); the share in an open band does not lower the status. Keep durations under 4 or over 16 hours; they are screened at analysis. Record the respondent."
"hlth_sleep_we","Health: Sleep duration on weekends","Usual sleep duration on weekend or non-school nights","health","participant","double","hours","","0","24","Use NA if not available","FALSE","As hlth_sleep_wd."
"hlth_sleep","Health: Sleep duration on an average night","Usual sleep duration on an average night","health","participant","double","hours","","0","24","Use NA if not available","FALSE","5:2 weighted mean of hlth_sleep_wd and hlth_sleep_we where both exist; otherwise a usual-night item. As hlth_sleep_wd for clock times, bands and implausible values."
"hlth_sleepprob","Health: Sleep problems score","Total score on the study's sleep-problems scale, where higher indicates more problems","health","participant","double","","","","","Use NA if not available","FALSE","Generic row for multi-item sleep-problem scales (e.g. the Sleep Disturbance Scale for Children). Record the instrument and respondent in hlth_sleepprob_measure; standardise within dataset. Single items are incompatible; the HBSC-SCL sleep item stays on wb_psychcomplaints_diffsleep."
"hlth_sleepprob_measure","Health: Sleep problems measure","Source measure, respondent, item count and item scoring behind hlth_sleepprob","health","study","character","","","","","Should not be missing where hlth_sleepprob is non-missing; NA in waves where the scale was not administered; 'Unknown' only when a score exists but its instrument cannot be identified","FALSE","'<instrument> (<self|parent> report), <k> of <K> items, <a>-<b> item scoring (range <min>-<max>), <sum|mean>'. Status inferred."
